application_id,applicant_name,location,creative_category,bio_summary,portfolio_link,social_handle,campaign_experience,trend_niches,audience_type,availability,rate_band_zar,previous_brand_work,motivation,ai_brand_fit_score,ai_campaign_readiness_score,recommended_campaign_fit,shortlist_status,image_url
APP-00001,Karabo Mthembu,Durban,Campus ambassador,Campus ambassador based in Durban focused on Campus fashion and accessible fashion storytelling.,https://portfolio.example.com/karabo-mthembu,@karabo.mthembu,1-2 local campaigns,"Sustainable fashion, Festival fashion",Young professionals,Within 2 weeks,R7k-R15k,None,Interested in youth culture campaigns,91,89,Denim Revival 010,Needs more info,/assets/creatives/face-01.jpg
APP-00002,Zanele Maseko,Mbombela,Campus ambassador,Campus ambassador based in Mbombela focused on Festival fashion and accessible fashion storytelling.,https://portfolio.example.com/zanele-maseko,@zanele.maseko,3-5 fashion campaigns,"Editorial fashion, Minimalist basics",Young professionals,Weekends only,R15k-R30k,Fashion retailer,Interested in youth culture campaigns,86,62,Back to Campus Fits 077,New,/assets/creatives/face-02.jpg
APP-00003,Musa Botha,Durban,Community creator,Community creator based in Durban focused on Summer lifestyle and accessible fashion storytelling.,https://portfolio.example.com/musa-botha,@musa.botha,None yet,"Sustainable fashion, Campus fashion",Occasionwear shoppers,Weekends only,R7k-R15k,Campus brand,Passionate about affordable styling,86,85,Quiet Luxury Basics 040,Needs more info,/assets/creatives/face-03.jpg
APP-00004,Amahle Petersen,Mbombela,Campus ambassador,Campus ambassador based in Mbombela focused on Occasionwear and accessible fashion storytelling.,https://portfolio.example.com/amahle-petersen,@amahle.petersen,Editorial shoots,"Festival fashion, Minimalist basics",Budget-conscious families,Within 2 weeks,Negotiable,Campus brand,Focused on sustainable fashion,66,85,Coastal Summer Linen 030,New,/assets/creatives/face-04.jpg
APP-00005,Nia Adams,Kimberley,Stylist,Stylist based in Kimberley focused on Editorial fashion and accessible fashion storytelling.,https://portfolio.example.com/nia-adams,@nia.adams,None yet,"Editorial fashion, Campus fashion",Sneaker culture audience,Seasonal availability,R15k-R30k,Beauty brand,Excited to collaborate with Mr Price,60,67,Festival Fits 083,Review,/assets/creatives/face-05.jpg
APP-00006,Musa Daniels,East London,Illustrator,Illustrator based in East London focused on Campus fashion and accessible fashion storytelling.,https://portfolio.example.com/musa-daniels,@musa.daniels,Campus activations,"Youth culture, Denim styling",Budget-conscious families,Seasonal availability,R15k-R30k,Local boutique,Focused on sustainable fashion,74,45,Denim Revival 086,New,/assets/creatives/face-06.jpg
APP-00007,Naledi Mabena,Cape Town,Videographer,Videographer based in Cape Town focused on Editorial fashion and accessible fashion storytelling.,https://portfolio.example.com/naledi-mabena,@naledi.mabena,1-2 local campaigns,"Editorial fashion, Active lifestyle",Young working adults,Within 2 weeks,R7k-R15k,Beauty brand,Focused on sustainable fashion,86,85,Active Street Drop 117,New,/assets/creatives/face-07.jpg
APP-00008,Lerato Ndlovu,East London,Campus ambassador,Campus ambassador based in East London focused on Sustainable fashion and accessible fashion storytelling.,https://portfolio.example.com/lerato-ndlovu,@lerato.ndlovu,3-5 fashion campaigns,"Occasionwear, Urban streetwear",Holiday shoppers,Immediate,R7k-R15k,Lifestyle brand,Wants to bring local fashion stories to life,67,80,Campus Sneaker Culture 069,Not selected,/assets/creatives/face-08.jpg
APP-00009,Tara Govender,Johannesburg,Micro-influencer,Micro-influencer based in Johannesburg focused on Denim styling and accessible fashion storytelling.,https://portfolio.example.com/tara-govender,@tara.govender,1-2 local campaigns,"Sustainable fashion, Editorial fashion",Budget-conscious families,Within 2 weeks,R3k-R7k,Fashion retailer,Focused on sustainable fashion,61,47,Street Utility Edit 078,Shortlisted,/assets/creatives/face-09.jpg
APP-00010,Lerato Ndlovu,Gqeberha,Content creator,Content creator based in Gqeberha focused on Sneaker culture and accessible fashion storytelling.,https://portfolio.example.com/lerato-ndlovu,@lerato.ndlovu,Editorial shoots,"Youth culture, Sneaker culture",Budget-conscious families,Seasonal availability,R7k-R15k,None,Passionate about affordable styling,64,60,Active Street Drop 075,Not selected,/assets/creatives/face-10.jpg
APP-00011,Sanele Naidoo,Mbombela,Fashion student,Fashion student based in Mbombela focused on Sneaker culture and accessible fashion storytelling.,https://portfolio.example.com/sanele-naidoo,@sanele.naidoo,3-5 fashion campaigns,"Festival fashion, Occasionwear",Young working adults,Within 2 weeks,R15k-R30k,None,Focused on sustainable fashion,55,75,Denim Revival 026,New,/assets/creatives/face-11.jpg
APP-00012,Anele Meyer,Kimberley,Content creator,Content creator based in Kimberley focused on Sustainable fashion and accessible fashion storytelling.,https://portfolio.example.com/anele-meyer,@anele.meyer,3-5 fashion campaigns,"Active lifestyle, Urban streetwear",Occasionwear shoppers,Project-based,R1k-R3k,Fashion retailer,Focused on sustainable fashion,99,86,Denim Revival 025,Not selected,/assets/creatives/face-12.jpg
APP-00013,Busisiwe Mokoena,Kimberley,Community creator,Community creator based in Kimberley focused on Festival fashion and accessible fashion storytelling.,https://portfolio.example.com/busisiwe-mokoena,@busisiwe.mokoena,3-5 fashion campaigns,"Festival fashion, Affordable styling",Occasionwear shoppers,Weekends only,R15k-R30k,Fashion retailer,Passionate about affordable styling,71,77,Sustainable Denim Capsule 062,Not selected,/assets/creatives/face-13.jpg
APP-00014,Tshepo Molefe,Gqeberha,Photographer,Photographer based in Gqeberha focused on Editorial fashion and accessible fashion storytelling.,https://portfolio.example.com/tshepo-molefe,@tshepo.molefe,1-2 local campaigns,"Campus fashion, Editorial fashion",Sneaker culture audience,Seasonal availability,R7k-R15k,Fashion retailer,Focused on sustainable fashion,57,93,Denim Revival 024,Needs more info,/assets/creatives/face-14.jpg
APP-00015,Jaden Meyer,Bloemfontein,Influencer,Influencer based in Bloemfontein focused on Local culture fashion and accessible fashion storytelling.,https://portfolio.example.com/jaden-meyer,@jaden.meyer,1-2 local campaigns,"Summer lifestyle, Sneaker culture",Holiday shoppers,Weekends only,R1k-R3k,Beauty brand,Interested in youth culture campaigns,90,88,Campus Sneaker Culture 069,Review,/assets/creatives/face-15.jpg
APP-00016,Zanele Ndlovu,Pretoria,Stylist,Stylist based in Pretoria focused on Festival fashion and accessible fashion storytelling.,https://portfolio.example.com/zanele-ndlovu,@zanele.ndlovu,3-5 fashion campaigns,"Local culture fashion, Editorial fashion",Campus shoppers,Seasonal availability,R15k-R30k,None,Interested in youth culture campaigns,89,58,Campus Sneaker Culture 074,Review,/assets/creatives/face-16.jpg
APP-00017,Bongani Van Wyk,Durban,Videographer,Videographer based in Durban focused on Sustainable fashion and accessible fashion storytelling.,https://portfolio.example.com/bongani-van-wyk,@bongani.van.wyk,1-2 local campaigns,"Youth culture, Summer lifestyle",Occasionwear shoppers,Within 2 weeks,R7k-R15k,Lifestyle brand,Focused on sustainable fashion,91,83,Campus Sneaker Culture 101,Needs more info,/assets/creatives/face-17.jpg
APP-00018,Kian Maseko,Gqeberha,Community creator,Community creator based in Gqeberha focused on Sustainable fashion and accessible fashion storytelling.,https://portfolio.example.com/kian-maseko,@kian.maseko,Campus activations,"Youth culture, Editorial fashion",Campus shoppers,Within 2 weeks,R7k-R15k,Campus brand,Interested in youth culture campaigns,97,65,Denim Revival 058,Shortlisted,/assets/creatives/face-18.jpg
APP-00019,Bongani Nkosi,Kimberley,Model,Model based in Kimberley focused on Affordable styling and accessible fashion storytelling.,https://portfolio.example.com/bongani-nkosi,@bongani.nkosi,None yet,"Festival fashion, Affordable styling",Gen Z students,Project-based,R7k-R15k,Fashion retailer,Passionate about affordable styling,79,94,Heritage Style Drop 036,New,/assets/creatives/face-19.jpg
APP-00020,Keagan Maseko,Cape Town,Campus ambassador,Campus ambassador based in Cape Town focused on Sustainable fashion and accessible fashion storytelling.,https://portfolio.example.com/keagan-maseko,@keagan.maseko,3-5 fashion campaigns,"Youth culture, Campus fashion",Gen Z students,Weekends only,R15k-R30k,Beauty brand,Interested in youth culture campaigns,85,80,Festival Fits 095,Review,/assets/creatives/face-20.jpg
APP-00021,Musa Mahlangu,Cape Town,Community creator,Community creator based in Cape Town focused on Active lifestyle and accessible fashion storytelling.,https://portfolio.example.com/musa-mahlangu,@musa.mahlangu,3-5 fashion campaigns,"Sneaker culture, Youth culture",Fashion-forward youth,Within 2 weeks,R7k-R15k,Fashion retailer,Focused on sustainable fashion,96,82,Sustainable Denim Capsule 061,New,/assets/creatives/face-21.jpg
APP-00022,Kian Meyer,Polokwane,Community creator,Community creator based in Polokwane focused on Minimalist basics and accessible fashion storytelling.,https://portfolio.example.com/kian-meyer,@kian.meyer,1-2 local campaigns,"Editorial fashion, Active lifestyle",Occasionwear shoppers,Project-based,R1k-R3k,None,Wants to bring local fashion stories to life,90,66,Heritage Style Drop 036,Not selected,/assets/creatives/face-22.jpg
APP-00023,Lindiwe Meyer,Mbombela,Videographer,Videographer based in Mbombela focused on Editorial fashion and accessible fashion storytelling.,https://portfolio.example.com/lindiwe-meyer,@lindiwe.meyer,1-2 local campaigns,"Minimalist basics, Sneaker culture",Campus shoppers,Project-based,R3k-R7k,Local boutique,Excited to collaborate with Mr Price,69,81,Denim Revival 026,Not selected,/assets/creatives/face-23.jpg
APP-00024,Leah Adams,Mbombela,Micro-influencer,Micro-influencer based in Mbombela focused on Sustainable fashion and accessible fashion storytelling.,https://portfolio.example.com/leah-adams,@leah.adams,Retail brand experience,"Festival fashion, Occasionwear",Conscious shoppers,Seasonal availability,Negotiable,Campus brand,Wants to bring local fashion stories to life,58,94,Festival Fits 099,New,/assets/creatives/face-24.jpg
APP-00025,Neo Mahlangu,Bloemfontein,Community creator,Community creator based in Bloemfontein focused on Youth culture and accessible fashion storytelling.,https://portfolio.example.com/neo-mahlangu,@neo.mahlangu,Editorial shoots,"Sustainable fashion, Summer lifestyle",Campus shoppers,Project-based,R3k-R7k,Beauty brand,Interested in youth culture campaigns,71,57,Coastal Summer Linen 087,Shortlisted,/assets/creatives/face-25.jpg
APP-00026,Kian Mokoena,Kimberley,Photographer,Photographer based in Kimberley focused on Minimalist basics and accessible fashion storytelling.,https://portfolio.example.com/kian-mokoena,@kian.mokoena,1-2 local campaigns,"Sneaker culture, Occasionwear",Holiday shoppers,Project-based,R15k-R30k,Beauty brand,Wants to bring local fashion stories to life,83,48,Active Street Drop 117,Not selected,/assets/creatives/face-26.jpg
APP-00027,Karabo Naidoo,Johannesburg,Videographer,Videographer based in Johannesburg focused on Active lifestyle and accessible fashion storytelling.,https://portfolio.example.com/karabo-naidoo,@karabo.naidoo,Retail brand experience,"Youth culture, Festival fashion",Campus shoppers,Seasonal availability,R15k-R30k,Campus brand,Excited to collaborate with Mr Price,71,85,Heritage Style Drop 009,New,/assets/creatives/face-27.jpg
APP-00028,Bongani Jacobs,Pretoria,Illustrator,Illustrator based in Pretoria focused on Local culture fashion and accessible fashion storytelling.,https://portfolio.example.com/bongani-jacobs,@bongani.jacobs,Retail brand experience,"Summer lifestyle, Festival fashion",Sneaker culture audience,Immediate,Negotiable,Beauty brand,Excited to collaborate with Mr Price,91,57,Denim Revival 097,New,/assets/creatives/face-28.jpg
APP-00029,Mpho Mahlangu,Polokwane,Community creator,Community creator based in Polokwane focused on Youth culture and accessible fashion storytelling.,https://portfolio.example.com/mpho-mahlangu,@mpho.mahlangu,Campus activations,"Minimalist basics, Summer lifestyle",Campus shoppers,Immediate,R3k-R7k,Fashion retailer,Excited to collaborate with Mr Price,71,74,Denim Revival 068,Needs more info,/assets/creatives/face-29.jpg
APP-00030,Amahle Mokoena,Polokwane,Influencer,Influencer based in Polokwane focused on Active lifestyle and accessible fashion storytelling.,https://portfolio.example.com/amahle-mokoena,@amahle.mokoena,Retail brand experience,"Youth culture, Affordable styling",Gen Z students,Immediate,R3k-R7k,Campus brand,Focused on sustainable fashion,59,61,Quiet Luxury Basics 110,Review,/assets/creatives/face-30.jpg
APP-00031,Busisiwe Ndlovu,Bloemfontein,Illustrator,Illustrator based in Bloemfontein focused on Local culture fashion and accessible fashion storytelling.,https://portfolio.example.com/busisiwe-ndlovu,@busisiwe.ndlovu,Retail brand experience,"Campus fashion, Minimalist basics",Occasionwear shoppers,Within 2 weeks,R3k-R7k,Local boutique,Passionate about affordable styling,69,56,Street Utility Edit 013,New,/assets/creatives/face-31.jpg
APP-00032,Ayesha Petersen,Kimberley,Content creator,Content creator based in Kimberley focused on Youth culture and accessible fashion storytelling.,https://portfolio.example.com/ayesha-petersen,@ayesha.petersen,Retail brand experience,"Campus fashion, Sneaker culture",Campus shoppers,Weekends only,R3k-R7k,Fashion retailer,Passionate about affordable styling,62,64,Heritage Style Drop 021,Needs more info,/assets/creatives/face-32.jpg
APP-00033,Bongani Daniels,Cape Town,Photographer,Photographer based in Cape Town focused on Sustainable fashion and accessible fashion storytelling.,https://portfolio.example.com/bongani-daniels,@bongani.daniels,None yet,"Summer lifestyle, Denim styling",Young working adults,Project-based,R1k-R3k,Beauty brand,Passionate about affordable styling,74,48,Denim Revival 058,Needs more info,/assets/creatives/face-33.jpg
APP-00034,Bongani Van Wyk,Cape Town,Model,Model based in Cape Town focused on Sustainable fashion and accessible fashion storytelling.,https://portfolio.example.com/bongani-van-wyk,@bongani.van.wyk,Retail brand experience,"Youth culture, Sneaker culture",Young working adults,Within 2 weeks,Negotiable,Lifestyle brand,Excited to collaborate with Mr Price,57,55,Denim Revival 097,Review,/assets/creatives/face-34.jpg
APP-00035,Anele Daniels,Mbombela,Micro-influencer,Micro-influencer based in Mbombela focused on Minimalist basics and accessible fashion storytelling.,https://portfolio.example.com/anele-daniels,@anele.daniels,Editorial shoots,"Campus fashion, Affordable styling",Fashion-forward youth,Within 2 weeks,R1k-R3k,Lifestyle brand,Interested in youth culture campaigns,80,61,Back to Campus Fits 066,New,/assets/creatives/face-35.jpg
APP-00036,Tumi Nkosi,Johannesburg,Fashion student,Fashion student based in Johannesburg focused on Urban streetwear and accessible fashion storytelling.,https://portfolio.example.com/tumi-nkosi,@tumi.nkosi,Campus activations,"Youth culture, Sneaker culture",Campus shoppers,Weekends only,R7k-R15k,None,Focused on sustainable fashion,91,64,Coastal Summer Linen 030,New,/assets/creatives/face-36.jpg
APP-00037,Thando Maseko,Polokwane,Creative director,Creative director based in Polokwane focused on Denim styling and accessible fashion storytelling.,https://portfolio.example.com/thando-maseko,@thando.maseko,Editorial shoots,"Occasionwear, Campus fashion",Gen Z students,Within 2 weeks,R3k-R7k,Local boutique,Excited to collaborate with Mr Price,50,53,Back to Campus Fits 067,Review,/assets/creatives/face-37.jpg
APP-00038,Ayesha Naidoo,Mbombela,Designer,Designer based in Mbombela focused on Festival fashion and accessible fashion storytelling.,https://portfolio.example.com/ayesha-naidoo,@ayesha.naidoo,Retail brand experience,"Festival fashion, Sustainable fashion",Conscious shoppers,Weekends only,Negotiable,Beauty brand,Passionate about affordable styling,76,56,Street Utility Edit 023,Not selected,/assets/creatives/face-38.jpg
APP-00039,Mbali Jacobs,Durban,Designer,Designer based in Durban focused on Campus fashion and accessible fashion storytelling.,https://portfolio.example.com/mbali-jacobs,@mbali.jacobs,1-2 local campaigns,"Urban streetwear, Denim styling",Fashion-forward youth,Weekends only,R15k-R30k,Fashion retailer,Interested in youth culture campaigns,66,84,Street Utility Edit 042,New,/assets/creatives/face-39.jpg
APP-00040,Thando Meyer,Johannesburg,Community creator,Community creator based in Johannesburg focused on Campus fashion and accessible fashion storytelling.,https://portfolio.example.com/thando-meyer,@thando.meyer,None yet,"Minimalist basics, Summer lifestyle",Holiday shoppers,Immediate,Negotiable,Beauty brand,Excited to collaborate with Mr Price,96,78,Denim Revival 022,Review,/assets/creatives/face-40.jpg
APP-00041,Mbali Mabena,Johannesburg,Micro-influencer,Micro-influencer based in Johannesburg focused on Campus fashion and accessible fashion storytelling.,https://portfolio.example.com/mbali-mabena,@mbali.mabena,None yet,"Affordable styling, Sneaker culture",Young working adults,Project-based,R15k-R30k,Beauty brand,Excited to collaborate with Mr Price,78,53,Quiet Luxury Basics 110,Not selected,/assets/creatives/face-41.jpg
APP-00042,Jaden Meyer,Johannesburg,Community creator,Community creator based in Johannesburg focused on Editorial fashion and accessible fashion storytelling.,https://portfolio.example.com/jaden-meyer,@jaden.meyer,3-5 fashion campaigns,"Summer lifestyle, Campus fashion",Sneaker culture audience,Weekends only,Negotiable,Fashion retailer,Wants to bring local fashion stories to life,80,76,Back to Campus Fits 096,Not selected,/assets/creatives/face-42.jpg
APP-00043,Musa Petersen,Durban,Stylist,Stylist based in Durban focused on Sustainable fashion and accessible fashion storytelling.,https://portfolio.example.com/musa-petersen,@musa.petersen,1-2 local campaigns,"Sustainable fashion, Occasionwear",Young working adults,Immediate,R15k-R30k,Campus brand,Excited to collaborate with Mr Price,56,60,Festival Fits 029,Shortlisted,/assets/creatives/face-43.jpg
APP-00044,Refilwe Mahlangu,Gqeberha,Designer,Designer based in Gqeberha focused on Campus fashion and accessible fashion storytelling.,https://portfolio.example.com/refilwe-mahlangu,@refilwe.mahlangu,Editorial shoots,"Active lifestyle, Local culture fashion",Sneaker culture audience,Seasonal availability,R7k-R15k,Local boutique,Interested in youth culture campaigns,77,68,Coastal Summer Linen 085,Review,/assets/creatives/face-44.jpg
APP-00045,Mbali Van Wyk,Johannesburg,Illustrator,Illustrator based in Johannesburg focused on Minimalist basics and accessible fashion storytelling.,https://portfolio.example.com/mbali-van-wyk,@mbali.van.wyk,Editorial shoots,"Urban streetwear, Festival fashion",Fashion-forward youth,Within 2 weeks,R1k-R3k,Local boutique,Wants to bring local fashion stories to life,65,55,Heritage Style Drop 051,Shortlisted,/assets/creatives/face-45.jpg
APP-00046,Jaden Daniels,Kimberley,Influencer,Influencer based in Kimberley focused on Denim styling and accessible fashion storytelling.,https://portfolio.example.com/jaden-daniels,@jaden.daniels,1-2 local campaigns,"Occasionwear, Active lifestyle",Holiday shoppers,Project-based,R3k-R7k,Beauty brand,Excited to collaborate with Mr Price,66,79,Denim Revival 057,New,/assets/creatives/face-46.jpg
APP-00047,Bongani Govender,Gqeberha,Campus ambassador,Campus ambassador based in Gqeberha focused on Occasionwear and accessible fashion storytelling.,https://portfolio.example.com/bongani-govender,@bongani.govender,3-5 fashion campaigns,"Campus fashion, Summer lifestyle",Conscious shoppers,Weekends only,R15k-R30k,Lifestyle brand,Focused on sustainable fashion,92,51,Denim Revival 086,Shortlisted,/assets/creatives/face-47.jpg
APP-00048,Kabelo Daniels,East London,Community creator,Community creator based in East London focused on Editorial fashion and accessible fashion storytelling.,https://portfolio.example.com/kabelo-daniels,@kabelo.daniels,Campus activations,"Occasionwear, Urban streetwear",Sneaker culture audience,Within 2 weeks,R1k-R3k,Local boutique,Focused on sustainable fashion,57,52,Festival Fits 071,Shortlisted,/assets/creatives/face-48.jpg
APP-00049,Busisiwe Nkosi,Bloemfontein,Designer,Designer based in Bloemfontein focused on Editorial fashion and accessible fashion storytelling.,https://portfolio.example.com/busisiwe-nkosi,@busisiwe.nkosi,Retail brand experience,"Sneaker culture, Local culture fashion",Budget-conscious families,Project-based,Negotiable,Local boutique,Passionate about affordable styling,93,59,Active Street Drop 100,New,/assets/creatives/face-49.jpg
APP-00050,Anele Petersen,Bloemfontein,Stylist,Stylist based in Bloemfontein focused on Local culture fashion and accessible fashion storytelling.,https://portfolio.example.com/anele-petersen,@anele.petersen,Retail brand experience,"Youth culture, Local culture fashion",Sneaker culture audience,Immediate,Negotiable,Campus brand,Excited to collaborate with Mr Price,64,89,Denim Revival 068,Review,/assets/creatives/face-50.jpg
APP-00051,Keagan Khumalo,Durban,Videographer,Videographer based in Durban focused on Sneaker culture and accessible fashion storytelling.,https://portfolio.example.com/keagan-khumalo,@keagan.khumalo,Editorial shoots,"Occasionwear, Active lifestyle",Fashion-forward youth,Within 2 weeks,Negotiable,Lifestyle brand,Focused on sustainable fashion,62,62,Festival Fits 007,Needs more info,/assets/creatives/face-51.jpg
APP-00052,Karabo Meyer,Polokwane,Photographer,Photographer based in Polokwane focused on Local culture fashion and accessible fashion storytelling.,https://portfolio.example.com/karabo-meyer,@karabo.meyer,Campus activations,"Campus fashion, Summer lifestyle",Conscious shoppers,Immediate,R1k-R3k,Campus brand,Excited to collaborate with Mr Price,92,64,Active Street Drop 027,Not selected,/assets/creatives/face-52.jpg
APP-00053,Bongani Nkosi,Pretoria,Illustrator,Illustrator based in Pretoria focused on Urban streetwear and accessible fashion storytelling.,https://portfolio.example.com/bongani-nkosi,@bongani.nkosi,1-2 local campaigns,"Summer lifestyle, Denim styling",Budget-conscious families,Within 2 weeks,R15k-R30k,Local boutique,Focused on sustainable fashion,75,82,Denim Revival 025,Review,/assets/creatives/face-53.jpg
APP-00054,Mpho Petersen,Pretoria,Videographer,Videographer based in Pretoria focused on Sustainable fashion and accessible fashion storytelling.,https://portfolio.example.com/mpho-petersen,@mpho.petersen,Campus activations,"Sneaker culture, Minimalist basics",Occasionwear shoppers,Within 2 weeks,R3k-R7k,Beauty brand,Passionate about affordable styling,93,62,Active Street Drop 098,Shortlisted,/assets/creatives/face-54.jpg
APP-00055,Amahle Govender,Pretoria,Influencer,Influencer based in Pretoria focused on Local culture fashion and accessible fashion storytelling.,https://portfolio.example.com/amahle-govender,@amahle.govender,None yet,"Festival fashion, Occasionwear",Occasionwear shoppers,Project-based,R3k-R7k,Fashion retailer,Focused on sustainable fashion,69,97,Coastal Summer Linen 016,Not selected,/assets/creatives/face-55.jpg
APP-00056,Nia Dlamini,Kimberley,Campus ambassador,Campus ambassador based in Kimberley focused on Denim styling and accessible fashion storytelling.,https://portfolio.example.com/nia-dlamini,@nia.dlamini,Editorial shoots,"Campus fashion, Editorial fashion",Gen Z students,Project-based,R7k-R15k,None,Focused on sustainable fashion,77,82,Denim Revival 022,Needs more info,/assets/creatives/face-56.jpg
APP-00057,Musa Jacobs,Gqeberha,Community creator,Community creator based in Gqeberha focused on Sustainable fashion and accessible fashion storytelling.,https://portfolio.example.com/musa-jacobs,@musa.jacobs,None yet,"Minimalist basics, Active lifestyle",Occasionwear shoppers,Weekends only,R3k-R7k,Fashion retailer,Focused on sustainable fashion,94,72,Festival Fits 054,New,/assets/creatives/face-57.jpg
APP-00058,Bongani Maseko,Pretoria,Creative director,Creative director based in Pretoria focused on Youth culture and accessible fashion storytelling.,https://portfolio.example.com/bongani-maseko,@bongani.maseko,Editorial shoots,"Minimalist basics, Editorial fashion",Conscious shoppers,Seasonal availability,R7k-R15k,Beauty brand,Interested in youth culture campaigns,72,50,Active Street Drop 002,New,/assets/creatives/face-58.jpg
APP-00059,Tara Meyer,Mbombela,Campus ambassador,Campus ambassador based in Mbombela focused on Sustainable fashion and accessible fashion storytelling.,https://portfolio.example.com/tara-meyer,@tara.meyer,1-2 local campaigns,"Active lifestyle, Affordable styling",Conscious shoppers,Immediate,R15k-R30k,Lifestyle brand,Excited to collaborate with Mr Price,86,69,Street Utility Edit 078,Not selected,/assets/creatives/face-59.jpg
APP-00060,Anele Jacobs,Polokwane,Creative director,Creative director based in Polokwane focused on Urban streetwear and accessible fashion storytelling.,https://portfolio.example.com/anele-jacobs,@anele.jacobs,Retail brand experience,"Youth culture, Festival fashion",Young working adults,Seasonal availability,R1k-R3k,None,Passionate about affordable styling,73,82,Coastal Summer Linen 087,Not selected,/assets/creatives/face-60.jpg
APP-00061,Lerato Naidoo,Polokwane,Model,Model based in Polokwane focused on Minimalist basics and accessible fashion storytelling.,https://portfolio.example.com/lerato-naidoo,@lerato.naidoo,3-5 fashion campaigns,"Occasionwear, Festival fashion",Young professionals,Project-based,Negotiable,Lifestyle brand,Wants to bring local fashion stories to life,75,97,Heritage Style Drop 104,Needs more info,/assets/creatives/face-61.jpg
APP-00062,Tara Khumalo,Johannesburg,Creative director,Creative director based in Johannesburg focused on Sustainable fashion and accessible fashion storytelling.,https://portfolio.example.com/tara-khumalo,@tara.khumalo,None yet,"Occasionwear, Campus fashion",Young working adults,Weekends only,R15k-R30k,None,Focused on sustainable fashion,66,67,Sustainable Denim Capsule 105,Shortlisted,/assets/creatives/face-62.jpg
APP-00063,Busisiwe Naidoo,Cape Town,Videographer,Videographer based in Cape Town focused on Editorial fashion and accessible fashion storytelling.,https://portfolio.example.com/busisiwe-naidoo,@busisiwe.naidoo,3-5 fashion campaigns,"Denim styling, Minimalist basics",Conscious shoppers,Within 2 weeks,R3k-R7k,Lifestyle brand,Excited to collaborate with Mr Price,91,65,Festival Fits 095,Needs more info,/assets/creatives/face-63.jpg
APP-00064,Chloe Khumalo,Bloemfontein,Community creator,Community creator based in Bloemfontein focused on Festival fashion and accessible fashion storytelling.,https://portfolio.example.com/chloe-khumalo,@chloe.khumalo,Campus activations,"Youth culture, Sneaker culture",Campus shoppers,Weekends only,Negotiable,Lifestyle brand,Passionate about affordable styling,70,98,Quiet Luxury Basics 040,New,/assets/creatives/face-64.jpg
APP-00065,Tumi Mthembu,Pretoria,Campus ambassador,Campus ambassador based in Pretoria focused on Occasionwear and accessible fashion storytelling.,https://portfolio.example.com/tumi-mthembu,@tumi.mthembu,Retail brand experience,"Denim styling, Occasionwear",Budget-conscious families,Project-based,R3k-R7k,Campus brand,Focused on sustainable fashion,72,66,Heritage Style Drop 104,Needs more info,/assets/creatives/face-65.jpg
APP-00066,Leah Mokoena,Durban,Videographer,Videographer based in Durban focused on Summer lifestyle and accessible fashion storytelling.,https://portfolio.example.com/leah-mokoena,@leah.mokoena,None yet,"Sustainable fashion, Active lifestyle",Conscious shoppers,Seasonal availability,Negotiable,Campus brand,Excited to collaborate with Mr Price,84,56,Heritage Style Drop 051,Not selected,/assets/creatives/face-66.jpg
APP-00067,Kabelo Dlamini,Pretoria,Campus ambassador,Campus ambassador based in Pretoria focused on Sustainable fashion and accessible fashion storytelling.,https://portfolio.example.com/kabelo-dlamini,@kabelo.dlamini,Editorial shoots,"Active lifestyle, Occasionwear",Holiday shoppers,Weekends only,R3k-R7k,Fashion retailer,Interested in youth culture campaigns,84,67,Heritage Style Drop 051,Review,/assets/creatives/face-67.jpg
APP-00068,Lerato Botha,Pretoria,Model,Model based in Pretoria focused on Youth culture and accessible fashion storytelling.,https://portfolio.example.com/lerato-botha,@lerato.botha,Retail brand experience,"Active lifestyle, Sneaker culture",Campus shoppers,Within 2 weeks,R15k-R30k,None,Passionate about affordable styling,85,54,Denim Revival 086,Shortlisted,/assets/creatives/face-68.jpg
APP-00069,Chloe Mabena,Mbombela,Influencer,Influencer based in Mbombela focused on Sustainable fashion and accessible fashion storytelling.,https://portfolio.example.com/chloe-mabena,@chloe.mabena,1-2 local campaigns,"Sustainable fashion, Denim styling",Fashion-forward youth,Within 2 weeks,R1k-R3k,Campus brand,Passionate about affordable styling,51,84,Sustainable Denim Capsule 062,Needs more info,/assets/creatives/face-69.jpg
APP-00070,Tara Ndlovu,East London,Model,Model based in East London focused on Local culture fashion and accessible fashion storytelling.,https://portfolio.example.com/tara-ndlovu,@tara.ndlovu,Campus activations,"Summer lifestyle, Local culture fashion",Occasionwear shoppers,Project-based,Negotiable,Beauty brand,Interested in youth culture campaigns,95,95,Back to Campus Fits 047,Shortlisted,/assets/creatives/face-70.jpg
APP-00071,Mbali Mabena,Bloemfontein,Model,Model based in Bloemfontein focused on Campus fashion and accessible fashion storytelling.,https://portfolio.example.com/mbali-mabena,@mbali.mabena,3-5 fashion campaigns,"Local culture fashion, Campus fashion",Young working adults,Within 2 weeks,R7k-R15k,Fashion retailer,Passionate about affordable styling,84,82,Back to Campus Fits 017,New,/assets/creatives/face-01.jpg
APP-00072,Jaden Molefe,East London,Community creator,Community creator based in East London focused on Minimalist basics and accessible fashion storytelling.,https://portfolio.example.com/jaden-molefe,@jaden.molefe,3-5 fashion campaigns,"Sneaker culture, Festival fashion",Occasionwear shoppers,Within 2 weeks,R7k-R15k,Fashion retailer,Excited to collaborate with Mr Price,64,74,Heritage Style Drop 035,Not selected,/assets/creatives/face-02.jpg
APP-00073,Busisiwe Meyer,Mbombela,Influencer,Influencer based in Mbombela focused on Active lifestyle and accessible fashion storytelling.,https://portfolio.example.com/busisiwe-meyer,@busisiwe.meyer,Retail brand experience,"Affordable styling, Sneaker culture",Budget-conscious families,Immediate,Negotiable,Beauty brand,Excited to collaborate with Mr Price,91,48,Sustainable Denim Capsule 115,Shortlisted,/assets/creatives/face-03.jpg
APP-00074,Keagan Daniels,Durban,Fashion student,Fashion student based in Durban focused on Sneaker culture and accessible fashion storytelling.,https://portfolio.example.com/keagan-daniels,@keagan.daniels,None yet,"Minimalist basics, Editorial fashion",Occasionwear shoppers,Weekends only,R1k-R3k,Fashion retailer,Excited to collaborate with Mr Price,81,72,Festival Fits 091,Review,/assets/creatives/face-04.jpg
APP-00075,Busisiwe Botha,Cape Town,Model,Model based in Cape Town focused on Occasionwear and accessible fashion storytelling.,https://portfolio.example.com/busisiwe-botha,@busisiwe.botha,Retail brand experience,"Minimalist basics, Occasionwear",Conscious shoppers,Weekends only,R3k-R7k,Lifestyle brand,Excited to collaborate with Mr Price,76,54,Festival Fits 099,Not selected,/assets/creatives/face-05.jpg
APP-00076,Tshepo Mokoena,Kimberley,Creative director,Creative director based in Kimberley focused on Campus fashion and accessible fashion storytelling.,https://portfolio.example.com/tshepo-mokoena,@tshepo.mokoena,Retail brand experience,"Urban streetwear, Minimalist basics",Campus shoppers,Seasonal availability,R1k-R3k,None,Excited to collaborate with Mr Price,54,78,Coastal Summer Linen 053,Review,/assets/creatives/face-06.jpg
APP-00077,Anele Khumalo,Cape Town,Campus ambassador,Campus ambassador based in Cape Town focused on Sustainable fashion and accessible fashion storytelling.,https://portfolio.example.com/anele-khumalo,@anele.khumalo,1-2 local campaigns,"Urban streetwear, Occasionwear",Young professionals,Immediate,R7k-R15k,None,Wants to bring local fashion stories to life,75,81,Back to Campus Fits 090,Needs more info,/assets/creatives/face-07.jpg
APP-00078,Refilwe Meyer,Polokwane,Community creator,Community creator based in Polokwane focused on Affordable styling and accessible fashion storytelling.,https://portfolio.example.com/refilwe-meyer,@refilwe.meyer,1-2 local campaigns,"Youth culture, Campus fashion",Budget-conscious families,Immediate,R7k-R15k,Campus brand,Passionate about affordable styling,95,72,Back to Campus Fits 113,Shortlisted,/assets/creatives/face-08.jpg
APP-00079,Mpho Van Wyk,Pretoria,Fashion student,Fashion student based in Pretoria focused on Summer lifestyle and accessible fashion storytelling.,https://portfolio.example.com/mpho-van-wyk,@mpho.van.wyk,1-2 local campaigns,"Sustainable fashion, Campus fashion",Young working adults,Weekends only,R15k-R30k,None,Excited to collaborate with Mr Price,66,46,Back to Campus Fits 113,Not selected,/assets/creatives/face-09.jpg
APP-00080,Keagan Daniels,East London,Influencer,Influencer based in East London focused on Urban streetwear and accessible fashion storytelling.,https://portfolio.example.com/keagan-daniels,@keagan.daniels,None yet,"Summer lifestyle, Urban streetwear",Sneaker culture audience,Immediate,R1k-R3k,Campus brand,Focused on sustainable fashion,69,46,Festival Fits 103,Not selected,/assets/creatives/face-10.jpg
APP-00081,Kabelo Khumalo,Bloemfontein,Illustrator,Illustrator based in Bloemfontein focused on Youth culture and accessible fashion storytelling.,https://portfolio.example.com/kabelo-khumalo,@kabelo.khumalo,1-2 local campaigns,"Occasionwear, Active lifestyle",Young professionals,Within 2 weeks,Negotiable,Local boutique,Interested in youth culture campaigns,56,88,Active Street Drop 117,Review,/assets/creatives/face-11.jpg
APP-00082,Sipho Mahlangu,Bloemfontein,Illustrator,Illustrator based in Bloemfontein focused on Active lifestyle and accessible fashion storytelling.,https://portfolio.example.com/sipho-mahlangu,@sipho.mahlangu,Editorial shoots,"Youth culture, Festival fashion",Budget-conscious families,Seasonal availability,R3k-R7k,Beauty brand,Wants to bring local fashion stories to life,89,47,Sustainable Denim Capsule 120,Not selected,/assets/creatives/face-12.jpg
APP-00083,Kian Botha,Pretoria,Community creator,Community creator based in Pretoria focused on Festival fashion and accessible fashion storytelling.,https://portfolio.example.com/kian-botha,@kian.botha,3-5 fashion campaigns,"Sneaker culture, Campus fashion",Budget-conscious families,Seasonal availability,Negotiable,Local boutique,Wants to bring local fashion stories to life,81,57,Street Utility Edit 078,Review,/assets/creatives/face-13.jpg
APP-00084,Kian Molefe,Bloemfontein,Illustrator,Illustrator based in Bloemfontein focused on Denim styling and accessible fashion storytelling.,https://portfolio.example.com/kian-molefe,@kian.molefe,Campus activations,"Festival fashion, Denim styling",Young working adults,Seasonal availability,R1k-R3k,Campus brand,Passionate about affordable styling,73,54,Back to Campus Fits 031,Needs more info,/assets/creatives/face-14.jpg
APP-00085,Neo Naidoo,Polokwane,Stylist,Stylist based in Polokwane focused on Urban streetwear and accessible fashion storytelling.,https://portfolio.example.com/neo-naidoo,@neo.naidoo,Campus activations,"Festival fashion, Occasionwear",Occasionwear shoppers,Immediate,Negotiable,None,Interested in youth culture campaigns,83,81,Campus Sneaker Culture 074,Not selected,/assets/creatives/face-15.jpg
APP-00086,Sanele Ndlovu,Polokwane,Content creator,Content creator based in Polokwane focused on Festival fashion and accessible fashion storytelling.,https://portfolio.example.com/sanele-ndlovu,@sanele.ndlovu,3-5 fashion campaigns,"Campus fashion, Summer lifestyle",Young professionals,Within 2 weeks,R7k-R15k,Fashion retailer,Focused on sustainable fashion,75,72,Active Street Drop 049,New,/assets/creatives/face-16.jpg
APP-00087,Lindiwe Mthembu,Johannesburg,Fashion student,Fashion student based in Johannesburg focused on Denim styling and accessible fashion storytelling.,https://portfolio.example.com/lindiwe-mthembu,@lindiwe.mthembu,Retail brand experience,"Denim styling, Active lifestyle",Holiday shoppers,Weekends only,R15k-R30k,Campus brand,Wants to bring local fashion stories to life,83,98,Denim Revival 006,Review,/assets/creatives/face-17.jpg
APP-00088,Lerato Adams,Gqeberha,Micro-influencer,Micro-influencer based in Gqeberha focused on Active lifestyle and accessible fashion storytelling.,https://portfolio.example.com/lerato-adams,@lerato.adams,Retail brand experience,"Summer lifestyle, Occasionwear",Campus shoppers,Immediate,Negotiable,None,Wants to bring local fashion stories to life,69,69,Denim Revival 025,Shortlisted,/assets/creatives/face-18.jpg
APP-00089,Chloe Nkosi,Johannesburg,Content creator,Content creator based in Johannesburg focused on Youth culture and accessible fashion storytelling.,https://portfolio.example.com/chloe-nkosi,@chloe.nkosi,Editorial shoots,"Local culture fashion, Youth culture",Budget-conscious families,Seasonal availability,R7k-R15k,Fashion retailer,Wants to bring local fashion stories to life,63,51,Heritage Style Drop 059,Review,/assets/creatives/face-19.jpg
APP-00090,Refilwe Ndlovu,Bloemfontein,Stylist,Stylist based in Bloemfontein focused on Sneaker culture and accessible fashion storytelling.,https://portfolio.example.com/refilwe-ndlovu,@refilwe.ndlovu,Campus activations,"Sustainable fashion, Active lifestyle",Occasionwear shoppers,Immediate,R1k-R3k,Beauty brand,Passionate about affordable styling,94,52,Denim Revival 119,Shortlisted,/assets/creatives/face-20.jpg
APP-00091,Chloe Mthembu,Cape Town,Influencer,Influencer based in Cape Town focused on Occasionwear and accessible fashion storytelling.,https://portfolio.example.com/chloe-mthembu,@chloe.mthembu,1-2 local campaigns,"Affordable styling, Sustainable fashion",Campus shoppers,Project-based,R1k-R3k,Local boutique,Passionate about affordable styling,88,60,Back to Campus Fits 080,Shortlisted,/assets/creatives/face-21.jpg
APP-00092,Tshepo Botha,Kimberley,Model,Model based in Kimberley focused on Minimalist basics and accessible fashion storytelling.,https://portfolio.example.com/tshepo-botha,@tshepo.botha,1-2 local campaigns,"Occasionwear, Minimalist basics",Conscious shoppers,Project-based,R1k-R3k,Beauty brand,Focused on sustainable fashion,74,62,Active Street Drop 108,Review,/assets/creatives/face-22.jpg
APP-00093,Anele Mokoena,Mbombela,Community creator,Community creator based in Mbombela focused on Editorial fashion and accessible fashion storytelling.,https://portfolio.example.com/anele-mokoena,@anele.mokoena,Editorial shoots,"Minimalist basics, Affordable styling",Gen Z students,Project-based,R3k-R7k,Fashion retailer,Passionate about affordable styling,54,85,Festival Fits 015,New,/assets/creatives/face-23.jpg
APP-00094,Sipho Molefe,Mbombela,Designer,Designer based in Mbombela focused on Sneaker culture and accessible fashion storytelling.,https://portfolio.example.com/sipho-molefe,@sipho.molefe,3-5 fashion campaigns,"Summer lifestyle, Minimalist basics",Conscious shoppers,Project-based,R7k-R15k,Lifestyle brand,Interested in youth culture campaigns,68,81,Festival Fits 034,New,/assets/creatives/face-24.jpg
APP-00095,Chloe Ndlovu,Pretoria,Community creator,Community creator based in Pretoria focused on Affordable styling and accessible fashion storytelling.,https://portfolio.example.com/chloe-ndlovu,@chloe.ndlovu,None yet,"Local culture fashion, Denim styling",Fashion-forward youth,Within 2 weeks,Negotiable,None,Focused on sustainable fashion,80,51,Festival Fits 015,Review,/assets/creatives/face-25.jpg
APP-00096,Kabelo Dlamini,Polokwane,Influencer,Influencer based in Polokwane focused on Summer lifestyle and accessible fashion storytelling.,https://portfolio.example.com/kabelo-dlamini,@kabelo.dlamini,1-2 local campaigns,"Affordable styling, Active lifestyle",Campus shoppers,Project-based,R3k-R7k,Beauty brand,Excited to collaborate with Mr Price,99,47,Coastal Summer Linen 085,Not selected,/assets/creatives/face-26.jpg
APP-00097,Naledi Mthembu,Cape Town,Community creator,Community creator based in Cape Town focused on Festival fashion and accessible fashion storytelling.,https://portfolio.example.com/naledi-mthembu,@naledi.mthembu,None yet,"Active lifestyle, Urban streetwear",Budget-conscious families,Weekends only,R7k-R15k,Local boutique,Interested in youth culture campaigns,79,57,Denim Revival 116,New,/assets/creatives/face-27.jpg
APP-00098,Amahle Govender,Polokwane,Model,Model based in Polokwane focused on Summer lifestyle and accessible fashion storytelling.,https://portfolio.example.com/amahle-govender,@amahle.govender,None yet,"Sustainable fashion, Summer lifestyle",Fashion-forward youth,Weekends only,R15k-R30k,None,Focused on sustainable fashion,54,98,Street Utility Edit 032,Not selected,/assets/creatives/face-28.jpg
APP-00099,Sipho Petersen,Gqeberha,Content creator,Content creator based in Gqeberha focused on Local culture fashion and accessible fashion storytelling.,https://portfolio.example.com/sipho-petersen,@sipho.petersen,Retail brand experience,"Campus fashion, Urban streetwear",Young working adults,Immediate,R15k-R30k,Lifestyle brand,Excited to collaborate with Mr Price,51,84,Quiet Luxury Basics 093,Review,/assets/creatives/face-29.jpg
APP-00100,Ayesha Petersen,Bloemfontein,Campus ambassador,Campus ambassador based in Bloemfontein focused on Campus fashion and accessible fashion storytelling.,https://portfolio.example.com/ayesha-petersen,@ayesha.petersen,None yet,"Occasionwear, Sustainable fashion",Gen Z students,Project-based,R1k-R3k,Lifestyle brand,Wants to bring local fashion stories to life,74,94,Campus Sneaker Culture 073,New,/assets/creatives/face-30.jpg
APP-00101,Sanele Dlamini,Johannesburg,Stylist,Stylist based in Johannesburg focused on Active lifestyle and accessible fashion storytelling.,https://portfolio.example.com/sanele-dlamini,@sanele.dlamini,None yet,"Occasionwear, Denim styling",Occasionwear shoppers,Project-based,R7k-R15k,Fashion retailer,Excited to collaborate with Mr Price,74,73,Active Street Drop 117,Review,/assets/creatives/face-31.jpg
APP-00102,Mpho Daniels,Mbombela,Creative director,Creative director based in Mbombela focused on Active lifestyle and accessible fashion storytelling.,https://portfolio.example.com/mpho-daniels,@mpho.daniels,Editorial shoots,"Denim styling, Youth culture",Budget-conscious families,Project-based,Negotiable,Campus brand,Passionate about affordable styling,59,63,Denim Revival 082,Review,/assets/creatives/face-32.jpg
APP-00103,Neo Mokoena,Gqeberha,Model,Model based in Gqeberha focused on Summer lifestyle and accessible fashion storytelling.,https://portfolio.example.com/neo-mokoena,@neo.mokoena,Campus activations,"Festival fashion, Editorial fashion",Budget-conscious families,Immediate,R15k-R30k,Beauty brand,Excited to collaborate with Mr Price,64,70,Back to Campus Fits 017,Shortlisted,/assets/creatives/face-33.jpg
APP-00104,Mbali Nkosi,Polokwane,Stylist,Stylist based in Polokwane focused on Affordable styling and accessible fashion storytelling.,https://portfolio.example.com/mbali-nkosi,@mbali.nkosi,Campus activations,"Minimalist basics, Denim styling",Young professionals,Project-based,R15k-R30k,Campus brand,Interested in youth culture campaigns,70,87,Quiet Luxury Basics 052,Review,/assets/creatives/face-34.jpg
APP-00105,Zanele Ndlovu,East London,Campus ambassador,Campus ambassador based in East London focused on Sustainable fashion and accessible fashion storytelling.,https://portfolio.example.com/zanele-ndlovu,@zanele.ndlovu,Editorial shoots,"Sustainable fashion, Active lifestyle",Fashion-forward youth,Seasonal availability,R7k-R15k,Beauty brand,Excited to collaborate with Mr Price,98,95,Coastal Summer Linen 053,Shortlisted,/assets/creatives/face-35.jpg
APP-00106,Tumi Petersen,Gqeberha,Creative director,Creative director based in Gqeberha focused on Sustainable fashion and accessible fashion storytelling.,https://portfolio.example.com/tumi-petersen,@tumi.petersen,Campus activations,"Sneaker culture, Local culture fashion",Young professionals,Weekends only,Negotiable,Beauty brand,Wants to bring local fashion stories to life,62,58,Active Street Drop 044,Not selected,/assets/creatives/face-36.jpg
APP-00107,Karabo Khumalo,Polokwane,Designer,Designer based in Polokwane focused on Local culture fashion and accessible fashion storytelling.,https://portfolio.example.com/karabo-khumalo,@karabo.khumalo,Campus activations,"Urban streetwear, Minimalist basics",Fashion-forward youth,Project-based,Negotiable,Fashion retailer,Passionate about affordable styling,67,92,Festival Fits 088,Not selected,/assets/creatives/face-37.jpg
APP-00108,Tumi Adams,Durban,Community creator,Community creator based in Durban focused on Occasionwear and accessible fashion storytelling.,https://portfolio.example.com/tumi-adams,@tumi.adams,1-2 local campaigns,"Summer lifestyle, Affordable styling",Campus shoppers,Project-based,R3k-R7k,Fashion retailer,Passionate about affordable styling,98,76,Campus Sneaker Culture 041,Not selected,/assets/creatives/face-38.jpg
APP-00109,Lerato Naidoo,Kimberley,Community creator,Community creator based in Kimberley focused on Local culture fashion and accessible fashion storytelling.,https://portfolio.example.com/lerato-naidoo,@lerato.naidoo,Editorial shoots,"Sneaker culture, Festival fashion",Young working adults,Immediate,R1k-R3k,None,Wants to bring local fashion stories to life,71,50,Campus Sneaker Culture 041,Shortlisted,/assets/creatives/face-39.jpg
APP-00110,Amahle Dlamini,Durban,Stylist,Stylist based in Durban focused on Sustainable fashion and accessible fashion storytelling.,https://portfolio.example.com/amahle-dlamini,@amahle.dlamini,3-5 fashion campaigns,"Active lifestyle, Campus fashion",Occasionwear shoppers,Project-based,R15k-R30k,Campus brand,Passionate about affordable styling,68,64,Street Utility Edit 013,Not selected,/assets/creatives/face-40.jpg
APP-00111,Karabo Jacobs,Durban,Designer,Designer based in Durban focused on Summer lifestyle and accessible fashion storytelling.,https://portfolio.example.com/karabo-jacobs,@karabo.jacobs,Retail brand experience,"Active lifestyle, Affordable styling",Budget-conscious families,Seasonal availability,Negotiable,Fashion retailer,Focused on sustainable fashion,94,62,Campus Sneaker Culture 089,Review,/assets/creatives/face-41.jpg
APP-00112,Lindiwe Naidoo,Durban,Micro-influencer,Micro-influencer based in Durban focused on Denim styling and accessible fashion storytelling.,https://portfolio.example.com/lindiwe-naidoo,@lindiwe.naidoo,1-2 local campaigns,"Affordable styling, Denim styling",Holiday shoppers,Project-based,R3k-R7k,None,Excited to collaborate with Mr Price,94,97,Back to Campus Fits 047,Needs more info,/assets/creatives/face-42.jpg
APP-00113,Busisiwe Mokoena,Kimberley,Illustrator,Illustrator based in Kimberley focused on Summer lifestyle and accessible fashion storytelling.,https://portfolio.example.com/busisiwe-mokoena,@busisiwe.mokoena,Campus activations,"Occasionwear, Active lifestyle",Campus shoppers,Weekends only,R1k-R3k,Campus brand,Wants to bring local fashion stories to life,61,53,Back to Campus Fits 080,Shortlisted,/assets/creatives/face-43.jpg
APP-00114,Lindiwe Ndlovu,Polokwane,Creative director,Creative director based in Polokwane focused on Summer lifestyle and accessible fashion storytelling.,https://portfolio.example.com/lindiwe-ndlovu,@lindiwe.ndlovu,Editorial shoots,"Campus fashion, Editorial fashion",Young working adults,Weekends only,Negotiable,Beauty brand,Wants to bring local fashion stories to life,89,82,Festival Fits 054,Review,/assets/creatives/face-44.jpg
APP-00115,Musa Maseko,Gqeberha,Videographer,Videographer based in Gqeberha focused on Sustainable fashion and accessible fashion storytelling.,https://portfolio.example.com/musa-maseko,@musa.maseko,Retail brand experience,"Urban streetwear, Denim styling",Campus shoppers,Within 2 weeks,R1k-R3k,Fashion retailer,Passionate about affordable styling,94,64,Festival Fits 034,Needs more info,/assets/creatives/face-45.jpg
APP-00116,Mpho Mahlangu,Bloemfontein,Model,Model based in Bloemfontein focused on Urban streetwear and accessible fashion storytelling.,https://portfolio.example.com/mpho-mahlangu,@mpho.mahlangu,Editorial shoots,"Sneaker culture, Campus fashion",Sneaker culture audience,Immediate,R3k-R7k,Lifestyle brand,Wants to bring local fashion stories to life,97,81,Coastal Summer Linen 003,Shortlisted,/assets/creatives/face-46.jpg
APP-00117,Tumi Van Wyk,Cape Town,Model,Model based in Cape Town focused on Denim styling and accessible fashion storytelling.,https://portfolio.example.com/tumi-van-wyk,@tumi.van.wyk,None yet,"Minimalist basics, Occasionwear",Conscious shoppers,Project-based,R7k-R15k,Campus brand,Excited to collaborate with Mr Price,77,71,Festival Fits 091,Shortlisted,/assets/creatives/face-47.jpg
APP-00118,Mpho Molefe,Bloemfontein,Designer,Designer based in Bloemfontein focused on Minimalist basics and accessible fashion storytelling.,https://portfolio.example.com/mpho-molefe,@mpho.molefe,1-2 local campaigns,"Denim styling, Editorial fashion",Conscious shoppers,Immediate,R15k-R30k,Fashion retailer,Wants to bring local fashion stories to life,92,65,Sustainable Denim Capsule 111,Not selected,/assets/creatives/face-48.jpg
APP-00119,Nia Jacobs,Johannesburg,Micro-influencer,Micro-influencer based in Johannesburg focused on Festival fashion and accessible fashion storytelling.,https://portfolio.example.com/nia-jacobs,@nia.jacobs,1-2 local campaigns,"Sneaker culture, Summer lifestyle",Campus shoppers,Immediate,R3k-R7k,Lifestyle brand,Passionate about affordable styling,99,50,Sustainable Denim Capsule 111,New,/assets/creatives/face-49.jpg
APP-00120,Siba Mthembu,Johannesburg,Influencer,Influencer based in Johannesburg focused on Minimalist basics and accessible fashion storytelling.,https://portfolio.example.com/siba-mthembu,@siba.mthembu,Retail brand experience,"Sneaker culture, Summer lifestyle",Occasionwear shoppers,Project-based,R7k-R15k,Fashion retailer,Wants to bring local fashion stories to life,89,52,Street Utility Edit 008,Review,/assets/creatives/face-50.jpg
APP-00121,Kabelo Dlamini,Pretoria,Stylist,Stylist based in Pretoria focused on Summer lifestyle and accessible fashion storytelling.,https://portfolio.example.com/kabelo-dlamini,@kabelo.dlamini,None yet,"Affordable styling, Festival fashion",Fashion-forward youth,Within 2 weeks,R1k-R3k,Fashion retailer,Wants to bring local fashion stories to life,74,65,Street Utility Edit 081,Not selected,/assets/creatives/face-51.jpg
APP-00122,Naledi Meyer,Mbombela,Stylist,Stylist based in Mbombela focused on Youth culture and accessible fashion storytelling.,https://portfolio.example.com/naledi-meyer,@naledi.meyer,Retail brand experience,"Minimalist basics, Summer lifestyle",Young professionals,Weekends only,Negotiable,None,Focused on sustainable fashion,61,77,Denim Revival 001,New,/assets/creatives/face-52.jpg
APP-00123,Nia Molefe,Cape Town,Designer,Designer based in Cape Town focused on Editorial fashion and accessible fashion storytelling.,https://portfolio.example.com/nia-molefe,@nia.molefe,Retail brand experience,"Sustainable fashion, Minimalist basics",Young working adults,Immediate,R3k-R7k,Local boutique,Interested in youth culture campaigns,98,59,Heritage Style Drop 021,Needs more info,/assets/creatives/face-53.jpg
APP-00124,Anele Nkosi,Kimberley,Creative director,Creative director based in Kimberley focused on Editorial fashion and accessible fashion storytelling.,https://portfolio.example.com/anele-nkosi,@anele.nkosi,Retail brand experience,"Occasionwear, Editorial fashion",Fashion-forward youth,Project-based,R7k-R15k,Campus brand,Passionate about affordable styling,83,45,Coastal Summer Linen 084,Shortlisted,/assets/creatives/face-54.jpg
APP-00125,Ayesha Dlamini,Durban,Photographer,Photographer based in Durban focused on Sneaker culture and accessible fashion storytelling.,https://portfolio.example.com/ayesha-dlamini,@ayesha.dlamini,Campus activations,"Campus fashion, Minimalist basics",Gen Z students,Seasonal availability,R15k-R30k,None,Focused on sustainable fashion,50,92,Coastal Summer Linen 087,New,/assets/creatives/face-55.jpg
APP-00126,Kian Daniels,Kimberley,Videographer,Videographer based in Kimberley focused on Festival fashion and accessible fashion storytelling.,https://portfolio.example.com/kian-daniels,@kian.daniels,Editorial shoots,"Occasionwear, Active lifestyle",Young working adults,Seasonal availability,R7k-R15k,Fashion retailer,Interested in youth culture campaigns,78,67,Back to Campus Fits 096,Needs more info,/assets/creatives/face-56.jpg
APP-00127,Bongani Meyer,Mbombela,Videographer,Videographer based in Mbombela focused on Editorial fashion and accessible fashion storytelling.,https://portfolio.example.com/bongani-meyer,@bongani.meyer,3-5 fashion campaigns,"Local culture fashion, Minimalist basics",Fashion-forward youth,Within 2 weeks,Negotiable,Local boutique,Wants to bring local fashion stories to life,94,67,Coastal Summer Linen 053,Needs more info,/assets/creatives/face-57.jpg
APP-00128,Tshepo Van Wyk,Bloemfontein,Fashion student,Fashion student based in Bloemfontein focused on Festival fashion and accessible fashion storytelling.,https://portfolio.example.com/tshepo-van-wyk,@tshepo.van.wyk,Campus activations,"Youth culture, Denim styling",Young professionals,Within 2 weeks,R3k-R7k,Fashion retailer,Focused on sustainable fashion,76,46,Street Utility Edit 112,Review,/assets/creatives/face-58.jpg
APP-00129,Tshepo Petersen,Bloemfontein,Community creator,Community creator based in Bloemfontein focused on Affordable styling and accessible fashion storytelling.,https://portfolio.example.com/tshepo-petersen,@tshepo.petersen,Campus activations,"Campus fashion, Urban streetwear",Holiday shoppers,Within 2 weeks,R3k-R7k,Lifestyle brand,Passionate about affordable styling,63,51,Coastal Summer Linen 003,Needs more info,/assets/creatives/face-59.jpg
APP-00130,Leah Ndlovu,Durban,Fashion student,Fashion student based in Durban focused on Editorial fashion and accessible fashion storytelling.,https://portfolio.example.com/leah-ndlovu,@leah.ndlovu,None yet,"Denim styling, Affordable styling",Budget-conscious families,Weekends only,Negotiable,Campus brand,Passionate about affordable styling,62,76,Street Utility Edit 078,Needs more info,/assets/creatives/face-60.jpg
APP-00131,Sipho Meyer,Polokwane,Model,Model based in Polokwane focused on Youth culture and accessible fashion storytelling.,https://portfolio.example.com/sipho-meyer,@sipho.meyer,Editorial shoots,"Urban streetwear, Campus fashion",Young working adults,Immediate,R7k-R15k,Fashion retailer,Focused on sustainable fashion,88,63,Festival Fits 019,Review,/assets/creatives/face-61.jpg
APP-00132,Naledi Nkosi,Mbombela,Content creator,Content creator based in Mbombela focused on Festival fashion and accessible fashion storytelling.,https://portfolio.example.com/naledi-nkosi,@naledi.nkosi,Campus activations,"Urban streetwear, Editorial fashion",Budget-conscious families,Weekends only,R7k-R15k,Fashion retailer,Excited to collaborate with Mr Price,77,84,Coastal Summer Linen 016,Not selected,/assets/creatives/face-62.jpg
APP-00133,Leah Daniels,East London,Designer,Designer based in East London focused on Editorial fashion and accessible fashion storytelling.,https://portfolio.example.com/leah-daniels,@leah.daniels,Editorial shoots,"Youth culture, Summer lifestyle",Campus shoppers,Seasonal availability,R15k-R30k,None,Wants to bring local fashion stories to life,78,68,Festival Fits 054,Review,/assets/creatives/face-63.jpg
APP-00134,Zanele Mthembu,Bloemfontein,Stylist,Stylist based in Bloemfontein focused on Minimalist basics and accessible fashion storytelling.,https://portfolio.example.com/zanele-mthembu,@zanele.mthembu,Editorial shoots,"Denim styling, Festival fashion",Conscious shoppers,Seasonal availability,R7k-R15k,Lifestyle brand,Interested in youth culture campaigns,94,57,Denim Revival 116,Review,/assets/creatives/face-64.jpg
APP-00135,Refilwe Adams,Kimberley,Videographer,Videographer based in Kimberley focused on Sustainable fashion and accessible fashion storytelling.,https://portfolio.example.com/refilwe-adams,@refilwe.adams,Retail brand experience,"Sustainable fashion, Youth culture",Young professionals,Seasonal availability,R15k-R30k,None,Interested in youth culture campaigns,82,51,Denim Revival 050,Review,/assets/creatives/face-65.jpg
APP-00136,Musa Meyer,Bloemfontein,Illustrator,Illustrator based in Bloemfontein focused on Sneaker culture and accessible fashion storytelling.,https://portfolio.example.com/musa-meyer,@musa.meyer,Campus activations,"Active lifestyle, Minimalist basics",Conscious shoppers,Immediate,R15k-R30k,Beauty brand,Passionate about affordable styling,99,62,Heritage Style Drop 092,Review,/assets/creatives/face-66.jpg
APP-00137,Zanele Mabena,Johannesburg,Videographer,Videographer based in Johannesburg focused on Denim styling and accessible fashion storytelling.,https://portfolio.example.com/zanele-mabena,@zanele.mabena,Editorial shoots,"Urban streetwear, Campus fashion",Campus shoppers,Seasonal availability,R15k-R30k,Lifestyle brand,Passionate about affordable styling,67,65,Heritage Style Drop 063,Shortlisted,/assets/creatives/face-67.jpg
APP-00138,Chloe Ndlovu,East London,Illustrator,Illustrator based in East London focused on Sustainable fashion and accessible fashion storytelling.,https://portfolio.example.com/chloe-ndlovu,@chloe.ndlovu,Retail brand experience,"Active lifestyle, Sneaker culture",Conscious shoppers,Immediate,R3k-R7k,Lifestyle brand,Excited to collaborate with Mr Price,68,60,Campus Sneaker Culture 102,Needs more info,/assets/creatives/face-68.jpg
APP-00139,Mpho Ndlovu,Johannesburg,Model,Model based in Johannesburg focused on Editorial fashion and accessible fashion storytelling.,https://portfolio.example.com/mpho-ndlovu,@mpho.ndlovu,1-2 local campaigns,"Editorial fashion, Urban streetwear",Gen Z students,Project-based,R1k-R3k,Campus brand,Focused on sustainable fashion,99,54,Denim Revival 058,Needs more info,/assets/creatives/face-69.jpg
APP-00140,Busisiwe Mthembu,Durban,Content creator,Content creator based in Durban focused on Active lifestyle and accessible fashion storytelling.,https://portfolio.example.com/busisiwe-mthembu,@busisiwe.mthembu,None yet,"Editorial fashion, Denim styling",Conscious shoppers,Within 2 weeks,Negotiable,Beauty brand,Interested in youth culture campaigns,60,82,Back to Campus Fits 017,Shortlisted,/assets/creatives/face-70.jpg
APP-00141,Tshepo Mthembu,Pretoria,Influencer,Influencer based in Pretoria focused on Urban streetwear and accessible fashion storytelling.,https://portfolio.example.com/tshepo-mthembu,@tshepo.mthembu,Retail brand experience,"Denim styling, Campus fashion",Budget-conscious families,Weekends only,R15k-R30k,Lifestyle brand,Wants to bring local fashion stories to life,90,72,Festival Fits 083,Shortlisted,/assets/creatives/face-01.jpg
APP-00142,Anele Naidoo,Durban,Model,Model based in Durban focused on Campus fashion and accessible fashion storytelling.,https://portfolio.example.com/anele-naidoo,@anele.naidoo,Editorial shoots,"Editorial fashion, Campus fashion",Occasionwear shoppers,Seasonal availability,R1k-R3k,Lifestyle brand,Wants to bring local fashion stories to life,96,90,Heritage Style Drop 092,Review,/assets/creatives/face-02.jpg
APP-00143,Nia Petersen,Pretoria,Fashion student,Fashion student based in Pretoria focused on Sneaker culture and accessible fashion storytelling.,https://portfolio.example.com/nia-petersen,@nia.petersen,None yet,"Local culture fashion, Summer lifestyle",Fashion-forward youth,Immediate,R7k-R15k,Campus brand,Interested in youth culture campaigns,55,71,Active Street Drop 044,New,/assets/creatives/face-03.jpg
APP-00144,Ayesha Govender,Polokwane,Fashion student,Fashion student based in Polokwane focused on Local culture fashion and accessible fashion storytelling.,https://portfolio.example.com/ayesha-govender,@ayesha.govender,Campus activations,"Occasionwear, Festival fashion",Holiday shoppers,Within 2 weeks,Negotiable,None,Passionate about affordable styling,78,55,Festival Fits 015,Shortlisted,/assets/creatives/face-04.jpg
APP-00145,Palesa Molefe,Cape Town,Stylist,Stylist based in Cape Town focused on Urban streetwear and accessible fashion storytelling.,https://portfolio.example.com/palesa-molefe,@palesa.molefe,None yet,"Urban streetwear, Occasionwear",Fashion-forward youth,Project-based,R1k-R3k,None,Passionate about affordable styling,98,59,Campus Sneaker Culture 020,Review,/assets/creatives/face-05.jpg
APP-00146,Tumi Van Wyk,Bloemfontein,Content creator,Content creator based in Bloemfontein focused on Campus fashion and accessible fashion storytelling.,https://portfolio.example.com/tumi-van-wyk,@tumi.van.wyk,None yet,"Local culture fashion, Festival fashion",Conscious shoppers,Project-based,R1k-R3k,Fashion retailer,Focused on sustainable fashion,85,49,Denim Revival 006,Review,/assets/creatives/face-06.jpg
APP-00147,Zanele Adams,Johannesburg,Illustrator,Illustrator based in Johannesburg focused on Sustainable fashion and accessible fashion storytelling.,https://portfolio.example.com/zanele-adams,@zanele.adams,Campus activations,"Urban streetwear, Campus fashion",Young working adults,Seasonal availability,R7k-R15k,Lifestyle brand,Passionate about affordable styling,75,58,Campus Sneaker Culture 020,Not selected,/assets/creatives/face-07.jpg
APP-00148,Mpho Molefe,Kimberley,Influencer,Influencer based in Kimberley focused on Editorial fashion and accessible fashion storytelling.,https://portfolio.example.com/mpho-molefe,@mpho.molefe,3-5 fashion campaigns,"Local culture fashion, Affordable styling",Budget-conscious families,Within 2 weeks,Negotiable,Campus brand,Interested in youth culture campaigns,62,65,Sustainable Denim Capsule 115,Shortlisted,/assets/creatives/face-08.jpg
APP-00149,Amahle Mahlangu,Pretoria,Model,Model based in Pretoria focused on Occasionwear and accessible fashion storytelling.,https://portfolio.example.com/amahle-mahlangu,@amahle.mahlangu,None yet,"Denim styling, Active lifestyle",Sneaker culture audience,Project-based,R3k-R7k,Local boutique,Wants to bring local fashion stories to life,52,69,Festival Fits 103,New,/assets/creatives/face-09.jpg
APP-00150,Bongani Adams,Cape Town,Campus ambassador,Campus ambassador based in Cape Town focused on Sustainable fashion and accessible fashion storytelling.,https://portfolio.example.com/bongani-adams,@bongani.adams,Editorial shoots,"Minimalist basics, Editorial fashion",Fashion-forward youth,Seasonal availability,R7k-R15k,Campus brand,Focused on sustainable fashion,53,86,Street Utility Edit 081,Review,/assets/creatives/face-10.jpg
APP-00151,Musa Mokoena,Gqeberha,Illustrator,Illustrator based in Gqeberha focused on Sustainable fashion and accessible fashion storytelling.,https://portfolio.example.com/musa-mokoena,@musa.mokoena,3-5 fashion campaigns,"Urban streetwear, Sustainable fashion",Budget-conscious families,Weekends only,R3k-R7k,Beauty brand,Focused on sustainable fashion,96,65,Heritage Style Drop 059,Needs more info,/assets/creatives/face-11.jpg
APP-00152,Jaden Molefe,Durban,Illustrator,Illustrator based in Durban focused on Denim styling and accessible fashion storytelling.,https://portfolio.example.com/jaden-molefe,@jaden.molefe,Retail brand experience,"Editorial fashion, Festival fashion",Fashion-forward youth,Immediate,Negotiable,None,Wants to bring local fashion stories to life,51,84,Festival Fits 007,New,/assets/creatives/face-12.jpg
APP-00153,Busisiwe Van Wyk,Johannesburg,Photographer,Photographer based in Johannesburg focused on Editorial fashion and accessible fashion storytelling.,https://portfolio.example.com/busisiwe-van-wyk,@busisiwe.van.wyk,Editorial shoots,"Active lifestyle, Summer lifestyle",Young working adults,Immediate,R7k-R15k,Local boutique,Passionate about affordable styling,77,92,Back to Campus Fits 113,Shortlisted,/assets/creatives/face-13.jpg
APP-00154,Palesa Mokoena,Gqeberha,Micro-influencer,Micro-influencer based in Gqeberha focused on Affordable styling and accessible fashion storytelling.,https://portfolio.example.com/palesa-mokoena,@palesa.mokoena,3-5 fashion campaigns,"Festival fashion, Urban streetwear",Young working adults,Weekends only,R3k-R7k,Campus brand,Focused on sustainable fashion,63,52,Denim Revival 118,New,/assets/creatives/face-14.jpg
APP-00155,Lindiwe Dlamini,Durban,Fashion student,Fashion student based in Durban focused on Urban streetwear and accessible fashion storytelling.,https://portfolio.example.com/lindiwe-dlamini,@lindiwe.dlamini,Editorial shoots,"Sustainable fashion, Denim styling",Occasionwear shoppers,Seasonal availability,R7k-R15k,Campus brand,Wants to bring local fashion stories to life,94,81,Sustainable Denim Capsule 062,New,/assets/creatives/face-15.jpg
APP-00156,Kabelo Van Wyk,Durban,Campus ambassador,Campus ambassador based in Durban focused on Sustainable fashion and accessible fashion storytelling.,https://portfolio.example.com/kabelo-van-wyk,@kabelo.van.wyk,Editorial shoots,"Affordable styling, Urban streetwear",Gen Z students,Project-based,R15k-R30k,Beauty brand,Focused on sustainable fashion,61,45,Campus Sneaker Culture 074,New,/assets/creatives/face-16.jpg
APP-00157,Mbali Maseko,Pretoria,Creative director,Creative director based in Pretoria focused on Festival fashion and accessible fashion storytelling.,https://portfolio.example.com/mbali-maseko,@mbali.maseko,Editorial shoots,"Editorial fashion, Minimalist basics",Young professionals,Within 2 weeks,R7k-R15k,None,Interested in youth culture campaigns,62,60,Campus Sneaker Culture 089,Needs more info,/assets/creatives/face-17.jpg
APP-00158,Ayesha Adams,Johannesburg,Community creator,Community creator based in Johannesburg focused on Occasionwear and accessible fashion storytelling.,https://portfolio.example.com/ayesha-adams,@ayesha.adams,Campus activations,"Local culture fashion, Minimalist basics",Young professionals,Within 2 weeks,R1k-R3k,Campus brand,Interested in youth culture campaigns,55,83,Street Utility Edit 048,Needs more info,/assets/creatives/face-18.jpg
APP-00159,Neo Daniels,East London,Fashion student,Fashion student based in East London focused on Summer lifestyle and accessible fashion storytelling.,https://portfolio.example.com/neo-daniels,@neo.daniels,Editorial shoots,"Local culture fashion, Youth culture",Budget-conscious families,Weekends only,R7k-R15k,Beauty brand,Passionate about affordable styling,87,70,Street Utility Edit 048,Needs more info,/assets/creatives/face-19.jpg
APP-00160,Chloe Meyer,Gqeberha,Videographer,Videographer based in Gqeberha focused on Summer lifestyle and accessible fashion storytelling.,https://portfolio.example.com/chloe-meyer,@chloe.meyer,Editorial shoots,"Local culture fashion, Affordable styling",Campus shoppers,Project-based,R1k-R3k,Lifestyle brand,Interested in youth culture campaigns,58,66,Denim Revival 119,Shortlisted,/assets/creatives/face-20.jpg
APP-00161,Bongani Molefe,Mbombela,Creative director,Creative director based in Mbombela focused on Denim styling and accessible fashion storytelling.,https://portfolio.example.com/bongani-molefe,@bongani.molefe,Editorial shoots,"Summer lifestyle, Urban streetwear",Campus shoppers,Seasonal availability,R3k-R7k,Lifestyle brand,Interested in youth culture campaigns,84,85,Coastal Summer Linen 107,Review,/assets/creatives/face-21.jpg
APP-00162,Chloe Ndlovu,Kimberley,Community creator,Community creator based in Kimberley focused on Summer lifestyle and accessible fashion storytelling.,https://portfolio.example.com/chloe-ndlovu,@chloe.ndlovu,Editorial shoots,"Affordable styling, Sneaker culture",Holiday shoppers,Immediate,Negotiable,Lifestyle brand,Wants to bring local fashion stories to life,83,51,Campus Sneaker Culture 074,New,/assets/creatives/face-22.jpg
APP-00163,Sipho Mabena,East London,Photographer,Photographer based in East London focused on Occasionwear and accessible fashion storytelling.,https://portfolio.example.com/sipho-mabena,@sipho.mabena,Editorial shoots,"Minimalist basics, Festival fashion",Campus shoppers,Project-based,R1k-R3k,Campus brand,Interested in youth culture campaigns,85,70,Back to Campus Fits 067,Needs more info,/assets/creatives/face-23.jpg
APP-00164,Lerato Nkosi,Kimberley,Stylist,Stylist based in Kimberley focused on Campus fashion and accessible fashion storytelling.,https://portfolio.example.com/lerato-nkosi,@lerato.nkosi,Editorial shoots,"Festival fashion, Sneaker culture",Fashion-forward youth,Project-based,R3k-R7k,Fashion retailer,Passionate about affordable styling,95,45,Sustainable Denim Capsule 115,Not selected,/assets/creatives/face-24.jpg
APP-00165,Nia Dlamini,Pretoria,Community creator,Community creator based in Pretoria focused on Denim styling and accessible fashion storytelling.,https://portfolio.example.com/nia-dlamini,@nia.dlamini,Editorial shoots,"Editorial fashion, Sustainable fashion",Holiday shoppers,Weekends only,R3k-R7k,Lifestyle brand,Wants to bring local fashion stories to life,62,46,Coastal Summer Linen 003,New,/assets/creatives/face-25.jpg
APP-00166,Sipho Dlamini,Pretoria,Photographer,Photographer based in Pretoria focused on Sustainable fashion and accessible fashion storytelling.,https://portfolio.example.com/sipho-dlamini,@sipho.dlamini,None yet,"Editorial fashion, Denim styling",Young working adults,Project-based,R7k-R15k,Fashion retailer,Focused on sustainable fashion,50,89,Back to Campus Fits 077,Shortlisted,/assets/creatives/face-26.jpg
APP-00167,Naledi Botha,Polokwane,Videographer,Videographer based in Polokwane focused on Campus fashion and accessible fashion storytelling.,https://portfolio.example.com/naledi-botha,@naledi.botha,Campus activations,"Active lifestyle, Youth culture",Young professionals,Seasonal availability,Negotiable,None,Focused on sustainable fashion,52,76,Campus Sneaker Culture 041,Shortlisted,/assets/creatives/face-27.jpg
APP-00168,Jaden Van Wyk,Gqeberha,Influencer,Influencer based in Gqeberha focused on Minimalist basics and accessible fashion storytelling.,https://portfolio.example.com/jaden-van-wyk,@jaden.van.wyk,Retail brand experience,"Festival fashion, Sneaker culture",Holiday shoppers,Seasonal availability,Negotiable,Campus brand,Focused on sustainable fashion,51,69,Denim Revival 005,Needs more info,/assets/creatives/face-28.jpg
APP-00169,Mpho Molefe,Pretoria,Community creator,Community creator based in Pretoria focused on Denim styling and accessible fashion storytelling.,https://portfolio.example.com/mpho-molefe,@mpho.molefe,None yet,"Sneaker culture, Sustainable fashion",Young working adults,Project-based,R15k-R30k,Fashion retailer,Interested in youth culture campaigns,65,83,Sustainable Denim Capsule 061,New,/assets/creatives/face-29.jpg
APP-00170,Bongani Mahlangu,Gqeberha,Videographer,Videographer based in Gqeberha focused on Local culture fashion and accessible fashion storytelling.,https://portfolio.example.com/bongani-mahlangu,@bongani.mahlangu,1-2 local campaigns,"Active lifestyle, Affordable styling",Young working adults,Immediate,R3k-R7k,Lifestyle brand,Wants to bring local fashion stories to life,82,73,Heritage Style Drop 009,Not selected,/assets/creatives/face-30.jpg
APP-00171,Refilwe Adams,Mbombela,Designer,Designer based in Mbombela focused on Editorial fashion and accessible fashion storytelling.,https://portfolio.example.com/refilwe-adams,@refilwe.adams,Campus activations,"Festival fashion, Local culture fashion",Gen Z students,Weekends only,Negotiable,None,Excited to collaborate with Mr Price,81,56,Denim Revival 116,Needs more info,/assets/creatives/face-31.jpg
APP-00172,Amahle Radebe,Durban,Photographer,Photographer based in Durban focused on Urban streetwear and accessible fashion storytelling.,https://portfolio.example.com/amahle-radebe,@amahle.radebe,3-5 fashion campaigns,"Affordable styling, Sneaker culture",Budget-conscious families,Immediate,R3k-R7k,Beauty brand,Focused on sustainable fashion,65,45,Denim Revival 050,Review,/assets/creatives/face-32.jpg
APP-00173,Amahle Khumalo,Polokwane,Community creator,Community creator based in Polokwane focused on Urban streetwear and accessible fashion storytelling.,https://portfolio.example.com/amahle-khumalo,@amahle.khumalo,1-2 local campaigns,"Campus fashion, Occasionwear",Occasionwear shoppers,Project-based,R3k-R7k,Fashion retailer,Focused on sustainable fashion,94,52,Street Utility Edit 013,Review,/assets/creatives/face-33.jpg
APP-00174,Anele Adams,Durban,Designer,Designer based in Durban focused on Minimalist basics and accessible fashion storytelling.,https://portfolio.example.com/anele-adams,@anele.adams,None yet,"Denim styling, Youth culture",Campus shoppers,Project-based,R1k-R3k,Fashion retailer,Excited to collaborate with Mr Price,94,68,Denim Revival 082,Not selected,/assets/creatives/face-34.jpg
APP-00175,Ayesha Maseko,Polokwane,Micro-influencer,Micro-influencer based in Polokwane focused on Denim styling and accessible fashion storytelling.,https://portfolio.example.com/ayesha-maseko,@ayesha.maseko,Campus activations,"Local culture fashion, Minimalist basics",Holiday shoppers,Immediate,R1k-R3k,None,Interested in youth culture campaigns,92,67,Sustainable Denim Capsule 061,Needs more info,/assets/creatives/face-35.jpg
APP-00176,Lindiwe Mokoena,Cape Town,Content creator,Content creator based in Cape Town focused on Summer lifestyle and accessible fashion storytelling.,https://portfolio.example.com/lindiwe-mokoena,@lindiwe.mokoena,1-2 local campaigns,"Sneaker culture, Active lifestyle",Budget-conscious families,Within 2 weeks,R15k-R30k,Fashion retailer,Excited to collaborate with Mr Price,73,80,Festival Fits 034,Needs more info,/assets/creatives/face-36.jpg
APP-00177,Karabo Jacobs,Durban,Micro-influencer,Micro-influencer based in Durban focused on Active lifestyle and accessible fashion storytelling.,https://portfolio.example.com/karabo-jacobs,@karabo.jacobs,Retail brand experience,"Urban streetwear, Sustainable fashion",Fashion-forward youth,Within 2 weeks,R7k-R15k,Local boutique,Focused on sustainable fashion,50,68,Street Utility Edit 008,Not selected,/assets/creatives/face-37.jpg
APP-00178,Musa Maseko,Johannesburg,Community creator,Community creator based in Johannesburg focused on Sneaker culture and accessible fashion storytelling.,https://portfolio.example.com/musa-maseko,@musa.maseko,Retail brand experience,"Local culture fashion, Urban streetwear",Conscious shoppers,Within 2 weeks,R7k-R15k,Local boutique,Focused on sustainable fashion,63,57,Coastal Summer Linen 085,Needs more info,/assets/creatives/face-38.jpg
APP-00179,Lindiwe Khumalo,Mbombela,Fashion student,Fashion student based in Mbombela focused on Sustainable fashion and accessible fashion storytelling.,https://portfolio.example.com/lindiwe-khumalo,@lindiwe.khumalo,Campus activations,"Local culture fashion, Occasionwear",Sneaker culture audience,Immediate,R3k-R7k,Fashion retailer,Passionate about affordable styling,82,54,Sustainable Denim Capsule 111,New,/assets/creatives/face-39.jpg
APP-00180,Tara Khumalo,East London,Fashion student,Fashion student based in East London focused on Sneaker culture and accessible fashion storytelling.,https://portfolio.example.com/tara-khumalo,@tara.khumalo,1-2 local campaigns,"Occasionwear, Festival fashion",Holiday shoppers,Weekends only,R3k-R7k,Campus brand,Focused on sustainable fashion,53,93,Sustainable Denim Capsule 056,New,/assets/creatives/face-40.jpg
APP-00181,Naledi Daniels,Polokwane,Videographer,Videographer based in Polokwane focused on Urban streetwear and accessible fashion storytelling.,https://portfolio.example.com/naledi-daniels,@naledi.daniels,Campus activations,"Denim styling, Active lifestyle",Fashion-forward youth,Within 2 weeks,R15k-R30k,Lifestyle brand,Excited to collaborate with Mr Price,76,86,Street Utility Edit 112,Review,/assets/creatives/face-41.jpg
APP-00182,Amahle Meyer,Kimberley,Stylist,Stylist based in Kimberley focused on Local culture fashion and accessible fashion storytelling.,https://portfolio.example.com/amahle-meyer,@amahle.meyer,None yet,"Affordable styling, Active lifestyle",Gen Z students,Project-based,R1k-R3k,Lifestyle brand,Wants to bring local fashion stories to life,95,94,Festival Fits 019,New,/assets/creatives/face-42.jpg
APP-00183,Mpho Mahlangu,Gqeberha,Videographer,Videographer based in Gqeberha focused on Affordable styling and accessible fashion storytelling.,https://portfolio.example.com/mpho-mahlangu,@mpho.mahlangu,Editorial shoots,"Festival fashion, Campus fashion",Conscious shoppers,Seasonal availability,Negotiable,Campus brand,Interested in youth culture campaigns,80,77,Heritage Style Drop 063,Needs more info,/assets/creatives/face-43.jpg
APP-00184,Sanele Radebe,Kimberley,Community creator,Community creator based in Kimberley focused on Minimalist basics and accessible fashion storytelling.,https://portfolio.example.com/sanele-radebe,@sanele.radebe,Retail brand experience,"Occasionwear, Festival fashion",Occasionwear shoppers,Within 2 weeks,R15k-R30k,Campus brand,Wants to bring local fashion stories to life,94,76,Active Street Drop 044,Not selected,/assets/creatives/face-44.jpg
APP-00185,Kabelo Maseko,Kimberley,Content creator,Content creator based in Kimberley focused on Occasionwear and accessible fashion storytelling.,https://portfolio.example.com/kabelo-maseko,@kabelo.maseko,Editorial shoots,"Editorial fashion, Youth culture",Conscious shoppers,Seasonal availability,Negotiable,Local boutique,Interested in youth culture campaigns,70,60,Campus Sneaker Culture 073,Review,/assets/creatives/face-45.jpg
APP-00186,Chloe Mthembu,Gqeberha,Videographer,Videographer based in Gqeberha focused on Sustainable fashion and accessible fashion storytelling.,https://portfolio.example.com/chloe-mthembu,@chloe.mthembu,Retail brand experience,"Occasionwear, Affordable styling",Conscious shoppers,Weekends only,Negotiable,Beauty brand,Passionate about affordable styling,99,84,Active Street Drop 114,Review,/assets/creatives/face-46.jpg
APP-00187,Keagan Daniels,Gqeberha,Community creator,Community creator based in Gqeberha focused on Sustainable fashion and accessible fashion storytelling.,https://portfolio.example.com/keagan-daniels,@keagan.daniels,Editorial shoots,"Local culture fashion, Youth culture",Campus shoppers,Within 2 weeks,R15k-R30k,Lifestyle brand,Excited to collaborate with Mr Price,61,52,Quiet Luxury Basics 093,Shortlisted,/assets/creatives/face-47.jpg
APP-00188,Anele Mthembu,Cape Town,Creative director,Creative director based in Cape Town focused on Sustainable fashion and accessible fashion storytelling.,https://portfolio.example.com/anele-mthembu,@anele.mthembu,1-2 local campaigns,"Occasionwear, Festival fashion",Young professionals,Weekends only,R3k-R7k,Beauty brand,Focused on sustainable fashion,95,62,Sustainable Denim Capsule 120,Not selected,/assets/creatives/face-48.jpg
APP-00189,Nia Maseko,East London,Fashion student,Fashion student based in East London focused on Campus fashion and accessible fashion storytelling.,https://portfolio.example.com/nia-maseko,@nia.maseko,Retail brand experience,"Sneaker culture, Editorial fashion",Young working adults,Project-based,Negotiable,Beauty brand,Wants to bring local fashion stories to life,54,57,Heritage Style Drop 104,Shortlisted,/assets/creatives/face-49.jpg
APP-00190,Tara Maseko,Mbombela,Fashion student,Fashion student based in Mbombela focused on Local culture fashion and accessible fashion storytelling.,https://portfolio.example.com/tara-maseko,@tara.maseko,Retail brand experience,"Active lifestyle, Affordable styling",Fashion-forward youth,Weekends only,R1k-R3k,Beauty brand,Focused on sustainable fashion,88,51,Sustainable Denim Capsule 061,Needs more info,/assets/creatives/face-50.jpg
APP-00191,Nia Khumalo,Bloemfontein,Model,Model based in Bloemfontein focused on Sneaker culture and accessible fashion storytelling.,https://portfolio.example.com/nia-khumalo,@nia.khumalo,None yet,"Campus fashion, Festival fashion",Gen Z students,Immediate,R1k-R3k,Campus brand,Wants to bring local fashion stories to life,85,79,Heritage Style Drop 035,Review,/assets/creatives/face-51.jpg
APP-00192,Keagan Nkosi,Pretoria,Community creator,Community creator based in Pretoria focused on Minimalist basics and accessible fashion storytelling.,https://portfolio.example.com/keagan-nkosi,@keagan.nkosi,1-2 local campaigns,"Urban streetwear, Occasionwear",Occasionwear shoppers,Immediate,R1k-R3k,None,Interested in youth culture campaigns,89,91,Heritage Style Drop 036,Shortlisted,/assets/creatives/face-52.jpg
APP-00193,Zanele Radebe,Cape Town,Model,Model based in Cape Town focused on Sustainable fashion and accessible fashion storytelling.,https://portfolio.example.com/zanele-radebe,@zanele.radebe,Retail brand experience,"Active lifestyle, Festival fashion",Conscious shoppers,Seasonal availability,R7k-R15k,Local boutique,Passionate about affordable styling,51,80,Active Street Drop 075,Shortlisted,/assets/creatives/face-53.jpg
APP-00194,Siba Van Wyk,Cape Town,Community creator,Community creator based in Cape Town focused on Summer lifestyle and accessible fashion storytelling.,https://portfolio.example.com/siba-van-wyk,@siba.van.wyk,1-2 local campaigns,"Local culture fashion, Active lifestyle",Gen Z students,Within 2 weeks,R1k-R3k,Lifestyle brand,Excited to collaborate with Mr Price,67,96,Heritage Style Drop 063,New,/assets/creatives/face-54.jpg
APP-00195,Karabo Mabena,Cape Town,Micro-influencer,Micro-influencer based in Cape Town focused on Youth culture and accessible fashion storytelling.,https://portfolio.example.com/karabo-mabena,@karabo.mabena,1-2 local campaigns,"Denim styling, Active lifestyle",Budget-conscious families,Within 2 weeks,R3k-R7k,Campus brand,Wants to bring local fashion stories to life,50,60,Denim Revival 086,Shortlisted,/assets/creatives/face-55.jpg
APP-00196,Anele Van Wyk,Kimberley,Model,Model based in Kimberley focused on Youth culture and accessible fashion storytelling.,https://portfolio.example.com/anele-van-wyk,@anele.van.wyk,Campus activations,"Sustainable fashion, Youth culture",Young working adults,Immediate,R15k-R30k,Fashion retailer,Focused on sustainable fashion,78,54,Festival Fits 095,Needs more info,/assets/creatives/face-56.jpg
APP-00197,Sanele Maseko,Polokwane,Illustrator,Illustrator based in Polokwane focused on Urban streetwear and accessible fashion storytelling.,https://portfolio.example.com/sanele-maseko,@sanele.maseko,1-2 local campaigns,"Occasionwear, Denim styling",Holiday shoppers,Seasonal availability,R7k-R15k,Campus brand,Wants to bring local fashion stories to life,81,77,Quiet Luxury Basics 079,Needs more info,/assets/creatives/face-57.jpg
APP-00198,Neo Petersen,Kimberley,Fashion student,Fashion student based in Kimberley focused on Sustainable fashion and accessible fashion storytelling.,https://portfolio.example.com/neo-petersen,@neo.petersen,Editorial shoots,"Sneaker culture, Active lifestyle",Holiday shoppers,Within 2 weeks,R15k-R30k,Local boutique,Passionate about affordable styling,70,67,Quiet Luxury Basics 052,Shortlisted,/assets/creatives/face-58.jpg
APP-00199,Tumi Radebe,Gqeberha,Stylist,Stylist based in Gqeberha focused on Sustainable fashion and accessible fashion storytelling.,https://portfolio.example.com/tumi-radebe,@tumi.radebe,Campus activations,"Urban streetwear, Occasionwear",Occasionwear shoppers,Within 2 weeks,R1k-R3k,Beauty brand,Wants to bring local fashion stories to life,74,81,Street Utility Edit 045,Shortlisted,/assets/creatives/face-59.jpg
APP-00200,Karabo Mahlangu,Johannesburg,Model,Model based in Johannesburg focused on Denim styling and accessible fashion storytelling.,https://portfolio.example.com/karabo-mahlangu,@karabo.mahlangu,Campus activations,"Sneaker culture, Affordable styling",Conscious shoppers,Weekends only,R3k-R7k,Campus brand,Interested in youth culture campaigns,66,75,Heritage Style Drop 021,Review,/assets/creatives/face-60.jpg
APP-00201,Musa Radebe,Kimberley,Stylist,Stylist based in Kimberley focused on Occasionwear and accessible fashion storytelling.,https://portfolio.example.com/musa-radebe,@musa.radebe,Retail brand experience,"Festival fashion, Sustainable fashion",Gen Z students,Project-based,R7k-R15k,None,Passionate about affordable styling,55,90,Denim Revival 118,Review,/assets/creatives/face-61.jpg
APP-00202,Sanele Naidoo,Kimberley,Micro-influencer,Micro-influencer based in Kimberley focused on Minimalist basics and accessible fashion storytelling.,https://portfolio.example.com/sanele-naidoo,@sanele.naidoo,3-5 fashion campaigns,"Sneaker culture, Local culture fashion",Conscious shoppers,Project-based,R3k-R7k,Campus brand,Passionate about affordable styling,77,62,Street Utility Edit 112,Review,/assets/creatives/face-62.jpg
APP-00203,Sipho Govender,Polokwane,Stylist,Stylist based in Polokwane focused on Editorial fashion and accessible fashion storytelling.,https://portfolio.example.com/sipho-govender,@sipho.govender,None yet,"Sustainable fashion, Sneaker culture",Occasionwear shoppers,Immediate,Negotiable,Fashion retailer,Passionate about affordable styling,68,80,Sustainable Denim Capsule 061,Needs more info,/assets/creatives/face-63.jpg
APP-00204,Siba Ndlovu,Cape Town,Designer,Designer based in Cape Town focused on Urban streetwear and accessible fashion storytelling.,https://portfolio.example.com/siba-ndlovu,@siba.ndlovu,Retail brand experience,"Minimalist basics, Sneaker culture",Young working adults,Immediate,R7k-R15k,Local boutique,Excited to collaborate with Mr Price,57,94,Denim Revival 060,Not selected,/assets/creatives/face-64.jpg
APP-00205,Sipho Petersen,Bloemfontein,Community creator,Community creator based in Bloemfontein focused on Minimalist basics and accessible fashion storytelling.,https://portfolio.example.com/sipho-petersen,@sipho.petersen,Retail brand experience,"Summer lifestyle, Sustainable fashion",Gen Z students,Weekends only,R3k-R7k,Campus brand,Excited to collaborate with Mr Price,51,77,Quiet Luxury Basics 065,New,/assets/creatives/face-65.jpg
APP-00206,Ayesha Meyer,Durban,Model,Model based in Durban focused on Summer lifestyle and accessible fashion storytelling.,https://portfolio.example.com/ayesha-meyer,@ayesha.meyer,1-2 local campaigns,"Youth culture, Summer lifestyle",Fashion-forward youth,Seasonal availability,R7k-R15k,Lifestyle brand,Interested in youth culture campaigns,79,60,Heritage Style Drop 059,Review,/assets/creatives/face-66.jpg
APP-00207,Zanele Khumalo,Pretoria,Campus ambassador,Campus ambassador based in Pretoria focused on Minimalist basics and accessible fashion storytelling.,https://portfolio.example.com/zanele-khumalo,@zanele.khumalo,Editorial shoots,"Active lifestyle, Festival fashion",Gen Z students,Immediate,R15k-R30k,Local boutique,Wants to bring local fashion stories to life,68,74,Denim Revival 068,Needs more info,/assets/creatives/face-67.jpg
APP-00208,Sanele Van Wyk,Polokwane,Creative director,Creative director based in Polokwane focused on Local culture fashion and accessible fashion storytelling.,https://portfolio.example.com/sanele-van-wyk,@sanele.van.wyk,Retail brand experience,"Denim styling, Occasionwear",Sneaker culture audience,Weekends only,Negotiable,Lifestyle brand,Focused on sustainable fashion,98,61,Denim Revival 068,Needs more info,/assets/creatives/face-68.jpg
APP-00209,Jaden Petersen,East London,Designer,Designer based in East London focused on Youth culture and accessible fashion storytelling.,https://portfolio.example.com/jaden-petersen,@jaden.petersen,None yet,"Sustainable fashion, Sneaker culture",Occasionwear shoppers,Weekends only,R7k-R15k,None,Excited to collaborate with Mr Price,76,69,Active Street Drop 049,Shortlisted,/assets/creatives/face-69.jpg
APP-00210,Jaden Ndlovu,Johannesburg,Videographer,Videographer based in Johannesburg focused on Campus fashion and accessible fashion storytelling.,https://portfolio.example.com/jaden-ndlovu,@jaden.ndlovu,None yet,"Sustainable fashion, Affordable styling",Budget-conscious families,Project-based,Negotiable,Fashion retailer,Passionate about affordable styling,91,95,Heritage Style Drop 039,Needs more info,/assets/creatives/face-70.jpg
APP-00211,Mbali Mabena,Durban,Stylist,Stylist based in Durban focused on Urban streetwear and accessible fashion storytelling.,https://portfolio.example.com/mbali-mabena,@mbali.mabena,Campus activations,"Editorial fashion, Denim styling",Holiday shoppers,Project-based,R15k-R30k,Campus brand,Passionate about affordable styling,79,53,Festival Fits 054,New,/assets/creatives/face-01.jpg
APP-00212,Kian Jacobs,Durban,Stylist,Stylist based in Durban focused on Occasionwear and accessible fashion storytelling.,https://portfolio.example.com/kian-jacobs,@kian.jacobs,3-5 fashion campaigns,"Campus fashion, Urban streetwear",Campus shoppers,Project-based,R15k-R30k,Fashion retailer,Focused on sustainable fashion,54,83,Quiet Luxury Basics 038,Shortlisted,/assets/creatives/face-02.jpg
APP-00213,Ayesha Meyer,East London,Content creator,Content creator based in East London focused on Denim styling and accessible fashion storytelling.,https://portfolio.example.com/ayesha-meyer,@ayesha.meyer,None yet,"Campus fashion, Youth culture",Fashion-forward youth,Weekends only,Negotiable,Local boutique,Wants to bring local fashion stories to life,56,54,Back to Campus Fits 096,Not selected,/assets/creatives/face-03.jpg
APP-00214,Musa Ndlovu,Johannesburg,Photographer,Photographer based in Johannesburg focused on Urban streetwear and accessible fashion storytelling.,https://portfolio.example.com/musa-ndlovu,@musa.ndlovu,Editorial shoots,"Local culture fashion, Campus fashion",Gen Z students,Project-based,R15k-R30k,Campus brand,Excited to collaborate with Mr Price,79,67,Back to Campus Fits 080,Shortlisted,/assets/creatives/face-04.jpg
APP-00215,Siba Govender,Bloemfontein,Photographer,Photographer based in Bloemfontein focused on Urban streetwear and accessible fashion storytelling.,https://portfolio.example.com/siba-govender,@siba.govender,Retail brand experience,"Sneaker culture, Denim styling",Young professionals,Project-based,Negotiable,None,Excited to collaborate with Mr Price,96,92,Campus Sneaker Culture 073,Not selected,/assets/creatives/face-05.jpg
APP-00216,Tumi Mthembu,Durban,Micro-influencer,Micro-influencer based in Durban focused on Youth culture and accessible fashion storytelling.,https://portfolio.example.com/tumi-mthembu,@tumi.mthembu,Editorial shoots,"Minimalist basics, Denim styling",Conscious shoppers,Within 2 weeks,R3k-R7k,Local boutique,Wants to bring local fashion stories to life,89,69,Heritage Style Drop 036,Needs more info,/assets/creatives/face-06.jpg
APP-00217,Amahle Mokoena,Johannesburg,Stylist,Stylist based in Johannesburg focused on Urban streetwear and accessible fashion storytelling.,https://portfolio.example.com/amahle-mokoena,@amahle.mokoena,1-2 local campaigns,"Sustainable fashion, Affordable styling",Occasionwear shoppers,Within 2 weeks,R15k-R30k,Local boutique,Focused on sustainable fashion,85,81,Festival Fits 033,Review,/assets/creatives/face-07.jpg
APP-00218,Tshepo Naidoo,Pretoria,Influencer,Influencer based in Pretoria focused on Summer lifestyle and accessible fashion storytelling.,https://portfolio.example.com/tshepo-naidoo,@tshepo.naidoo,3-5 fashion campaigns,"Minimalist basics, Denim styling",Young working adults,Within 2 weeks,R15k-R30k,Local boutique,Focused on sustainable fashion,57,50,Denim Revival 086,Needs more info,/assets/creatives/face-08.jpg
APP-00219,Lerato Daniels,Bloemfontein,Community creator,Community creator based in Bloemfontein focused on Active lifestyle and accessible fashion storytelling.,https://portfolio.example.com/lerato-daniels,@lerato.daniels,Campus activations,"Editorial fashion, Active lifestyle",Sneaker culture audience,Seasonal availability,R7k-R15k,Fashion retailer,Interested in youth culture campaigns,83,54,Denim Revival 086,Not selected,/assets/creatives/face-09.jpg
APP-00220,Anele Mabena,Gqeberha,Content creator,Content creator based in Gqeberha focused on Festival fashion and accessible fashion storytelling.,https://portfolio.example.com/anele-mabena,@anele.mabena,1-2 local campaigns,"Youth culture, Urban streetwear",Holiday shoppers,Project-based,R7k-R15k,Campus brand,Excited to collaborate with Mr Price,69,76,Quiet Luxury Basics 093,Needs more info,/assets/creatives/face-10.jpg
APP-00221,Siba Maseko,Kimberley,Influencer,Influencer based in Kimberley focused on Editorial fashion and accessible fashion storytelling.,https://portfolio.example.com/siba-maseko,@siba.maseko,None yet,"Youth culture, Summer lifestyle",Sneaker culture audience,Within 2 weeks,R3k-R7k,Local boutique,Focused on sustainable fashion,59,51,Back to Campus Fits 090,Not selected,/assets/creatives/face-11.jpg
APP-00222,Lerato Van Wyk,Bloemfontein,Content creator,Content creator based in Bloemfontein focused on Affordable styling and accessible fashion storytelling.,https://portfolio.example.com/lerato-van-wyk,@lerato.van.wyk,Campus activations,"Active lifestyle, Campus fashion",Conscious shoppers,Immediate,R3k-R7k,Local boutique,Excited to collaborate with Mr Price,80,87,Heritage Style Drop 009,Shortlisted,/assets/creatives/face-12.jpg
APP-00223,Chloe Nkosi,Polokwane,Influencer,Influencer based in Polokwane focused on Affordable styling and accessible fashion storytelling.,https://portfolio.example.com/chloe-nkosi,@chloe.nkosi,1-2 local campaigns,"Affordable styling, Denim styling",Gen Z students,Weekends only,R7k-R15k,None,Interested in youth culture campaigns,65,76,Back to Campus Fits 113,Needs more info,/assets/creatives/face-13.jpg
APP-00224,Tumi Nkosi,Kimberley,Model,Model based in Kimberley focused on Sustainable fashion and accessible fashion storytelling.,https://portfolio.example.com/tumi-nkosi,@tumi.nkosi,1-2 local campaigns,"Editorial fashion, Sustainable fashion",Occasionwear shoppers,Within 2 weeks,R7k-R15k,Local boutique,Excited to collaborate with Mr Price,70,82,Active Street Drop 049,New,/assets/creatives/face-14.jpg
APP-00225,Siba Mokoena,Pretoria,Micro-influencer,Micro-influencer based in Pretoria focused on Sneaker culture and accessible fashion storytelling.,https://portfolio.example.com/siba-mokoena,@siba.mokoena,1-2 local campaigns,"Local culture fashion, Affordable styling",Young professionals,Immediate,R3k-R7k,None,Wants to bring local fashion stories to life,80,56,Denim Revival 005,Review,/assets/creatives/face-15.jpg
APP-00226,Keagan Daniels,Bloemfontein,Photographer,Photographer based in Bloemfontein focused on Occasionwear and accessible fashion storytelling.,https://portfolio.example.com/keagan-daniels,@keagan.daniels,Editorial shoots,"Active lifestyle, Sneaker culture",Gen Z students,Within 2 weeks,R7k-R15k,Campus brand,Wants to bring local fashion stories to life,52,82,Street Utility Edit 011,New,/assets/creatives/face-16.jpg
APP-00227,Kian Ndlovu,Johannesburg,Illustrator,Illustrator based in Johannesburg focused on Youth culture and accessible fashion storytelling.,https://portfolio.example.com/kian-ndlovu,@kian.ndlovu,1-2 local campaigns,"Affordable styling, Denim styling",Young working adults,Weekends only,Negotiable,Campus brand,Excited to collaborate with Mr Price,83,49,Coastal Summer Linen 107,Not selected,/assets/creatives/face-17.jpg
APP-00228,Busisiwe Radebe,Durban,Photographer,Photographer based in Durban focused on Sneaker culture and accessible fashion storytelling.,https://portfolio.example.com/busisiwe-radebe,@busisiwe.radebe,3-5 fashion campaigns,"Summer lifestyle, Occasionwear",Sneaker culture audience,Immediate,R15k-R30k,Lifestyle brand,Passionate about affordable styling,94,63,Denim Revival 005,Needs more info,/assets/creatives/face-18.jpg
APP-00229,Jaden Mahlangu,Durban,Videographer,Videographer based in Durban focused on Minimalist basics and accessible fashion storytelling.,https://portfolio.example.com/jaden-mahlangu,@jaden.mahlangu,3-5 fashion campaigns,"Local culture fashion, Editorial fashion",Conscious shoppers,Project-based,R15k-R30k,Local boutique,Interested in youth culture campaigns,92,65,Active Street Drop 027,Review,/assets/creatives/face-19.jpg
APP-00230,Nia Naidoo,Durban,Fashion student,Fashion student based in Durban focused on Minimalist basics and accessible fashion storytelling.,https://portfolio.example.com/nia-naidoo,@nia.naidoo,None yet,"Urban streetwear, Active lifestyle",Young working adults,Within 2 weeks,R1k-R3k,Beauty brand,Passionate about affordable styling,59,91,Denim Revival 010,Shortlisted,/assets/creatives/face-20.jpg
APP-00231,Leah Adams,Bloemfontein,Community creator,Community creator based in Bloemfontein focused on Minimalist basics and accessible fashion storytelling.,https://portfolio.example.com/leah-adams,@leah.adams,1-2 local campaigns,"Minimalist basics, Denim styling",Holiday shoppers,Project-based,R1k-R3k,Fashion retailer,Excited to collaborate with Mr Price,96,82,Heritage Style Drop 039,Review,/assets/creatives/face-21.jpg
APP-00232,Sipho Van Wyk,Johannesburg,Fashion student,Fashion student based in Johannesburg focused on Campus fashion and accessible fashion storytelling.,https://portfolio.example.com/sipho-van-wyk,@sipho.van.wyk,1-2 local campaigns,"Campus fashion, Sneaker culture",Gen Z students,Immediate,R7k-R15k,Beauty brand,Passionate about affordable styling,81,74,Coastal Summer Linen 085,Needs more info,/assets/creatives/face-22.jpg
APP-00233,Nia Mthembu,Bloemfontein,Community creator,Community creator based in Bloemfontein focused on Denim styling and accessible fashion storytelling.,https://portfolio.example.com/nia-mthembu,@nia.mthembu,Editorial shoots,"Minimalist basics, Affordable styling",Campus shoppers,Seasonal availability,R3k-R7k,None,Passionate about affordable styling,66,71,Denim Revival 012,Needs more info,/assets/creatives/face-23.jpg
APP-00234,Mbali Petersen,Durban,Videographer,Videographer based in Durban focused on Urban streetwear and accessible fashion storytelling.,https://portfolio.example.com/mbali-petersen,@mbali.petersen,1-2 local campaigns,"Local culture fashion, Active lifestyle",Young professionals,Weekends only,R3k-R7k,Fashion retailer,Passionate about affordable styling,76,47,Festival Fits 099,New,/assets/creatives/face-24.jpg
APP-00235,Leah Radebe,Bloemfontein,Creative director,Creative director based in Bloemfontein focused on Minimalist basics and accessible fashion storytelling.,https://portfolio.example.com/leah-radebe,@leah.radebe,3-5 fashion campaigns,"Campus fashion, Urban streetwear",Young working adults,Project-based,Negotiable,Local boutique,Passionate about affordable styling,59,66,Festival Fits 088,Not selected,/assets/creatives/face-25.jpg
APP-00236,Mbali Govender,East London,Photographer,Photographer based in East London focused on Affordable styling and accessible fashion storytelling.,https://portfolio.example.com/mbali-govender,@mbali.govender,Retail brand experience,"Active lifestyle, Youth culture",Fashion-forward youth,Project-based,R1k-R3k,Beauty brand,Excited to collaborate with Mr Price,85,63,Campus Sneaker Culture 069,Needs more info,/assets/creatives/face-26.jpg
APP-00237,Thando Nkosi,Gqeberha,Influencer,Influencer based in Gqeberha focused on Campus fashion and accessible fashion storytelling.,https://portfolio.example.com/thando-nkosi,@thando.nkosi,Retail brand experience,"Occasionwear, Festival fashion",Young working adults,Project-based,R15k-R30k,Beauty brand,Excited to collaborate with Mr Price,86,59,Denim Revival 119,Shortlisted,/assets/creatives/face-27.jpg
APP-00238,Mpho Botha,Cape Town,Illustrator,Illustrator based in Cape Town focused on Denim styling and accessible fashion storytelling.,https://portfolio.example.com/mpho-botha,@mpho.botha,Editorial shoots,"Youth culture, Urban streetwear",Fashion-forward youth,Seasonal availability,R7k-R15k,Beauty brand,Interested in youth culture campaigns,50,78,Coastal Summer Linen 030,New,/assets/creatives/face-28.jpg
APP-00239,Tumi Mokoena,Mbombela,Stylist,Stylist based in Mbombela focused on Sustainable fashion and accessible fashion storytelling.,https://portfolio.example.com/tumi-mokoena,@tumi.mokoena,Campus activations,"Urban streetwear, Sneaker culture",Conscious shoppers,Seasonal availability,Negotiable,Beauty brand,Wants to bring local fashion stories to life,82,91,Campus Sneaker Culture 102,Shortlisted,/assets/creatives/face-29.jpg
APP-00240,Ayesha Meyer,Kimberley,Community creator,Community creator based in Kimberley focused on Occasionwear and accessible fashion storytelling.,https://portfolio.example.com/ayesha-meyer,@ayesha.meyer,Retail brand experience,"Sustainable fashion, Local culture fashion",Sneaker culture audience,Weekends only,R1k-R3k,Local boutique,Focused on sustainable fashion,85,91,Back to Campus Fits 043,Review,/assets/creatives/face-30.jpg
